id,zka,alias,mota,marka,modelo,gps,gateway,tei,baja_definitiva,sustituido
158,1832826,AGIÑA,TALKY,TELTRONIC,HTT-500,True,False,3129042.0,False,False
171,1832412,AIA,TALKY,TELTRONIC,HTT-500,True,False,3128970.0,False,False
117,1832141,AINGIRA,TALKY,TELTRONIC,HTT-500,True,False,,False,False
109,1832130,AMETZA,TALKY,TELTRONIC,HTT-500,True,False,,False,False
132,1832168,AMILOTX,TALKY,TELTRONIC,HTT-500,True,False,,False,False
143,1832184,AMORRAI,TALKY,TELTRONIC,HTT-500,True,False,3128923.0,False,False
198,1832830,ANTXETA,TALKY,TELTRONIC,HTT-500,True,False,3280945.0,False,False
155,1832231,ARNO,TALKY,TELTRONIC,HTT-500,True,False,,False,False
111,1832132,ARRANO,TALKY,TELTRONIC,HTT-500,True,False,3128959.0,False,False
108,1832120,ARRUBIO,TALKY,TELTRONIC,HTT-500,True,False,,False,False
144,1832185,AZARI,TALKY,TELTRONIC,HTT-500,True,False,3129100.0,False,False
178,1832601,AZARI-M,EMISORA,TELTRONIC,MDT-400,True,True,,False,False
114,1832135,BASAHAIZE,TALKY,TELTRONIC,HTT-500,True,False,3129075.0,False,False
87,1832001,BASAJAUN1,TALKY,TELTRONIC,HTT-500,True,False,3128912.0,False,False
88,1832002,BASAJAUN2,TALKY,TELTRONIC,HTT-500,True,False,,False,False
125,1832153,BASATI,TALKY,TELTRONIC,HTT-500,True,False,31289060.0,False,False
96,1832811,BASOZAINORDE1,TALKY,TELTRONIC,HTT-500,True,False,3128882.0,False,False
97,1832812,BASOZAINORDE2,TALKY,TELTRONIC,HTT-500,True,False,,False,False
98,1832813,BASOZAINORDE3,TALKY,TELTRONIC,HTT-500,True,False,3128874.0,False,False
99,1832814,BASOZAINORDE4,TALKY,TELTRONIC,HTT-500,True,False,3128872.0,False,False
208,1832831,BELATZ,TALKY,TELTRONIC,HTT-500,True,False,3280946.0,False,False
121,1832145,BELATZ - BAJA,TALKY,TELTRONIC,HTT-500,True,False,,True,False
152,1832221,BELEA,TALKY,TELTRONIC,HTT-500,True,False,31290700.0,False,False
172,1832500,EMISORA,EMISORA,TELTRONIC,DT-410,False,False,,False,False
173,1832501,EMISORA1,EMISORA,TELTRONIC,MDT-400,False,False,,False,False
174,1832502,EMISORA2,EMISORA,TELTRONIC,MDT-400,False,False,,False,False
175,1832503,EMISORA3,EMISORA,TELTRONIC,MDT-400,False,False,,False,False
176,1832504,EMISORA4,EMISORA,TELTRONIC,MDT-400,False,False,,False,False
156,1832232,EPERRA,TALKY,TELTRONIC,HTT-500,True,False,,False,False
148,1832211,ERBIA,TALKY,TELTRONIC,HTT-500,True,False,31289110.0,False,False
217,0,ERRESERBA,TALKY,TELTRONIC,HTT-500,False,False,1832233.0,False,False
191,1832821,ERRESERBA1,TALKY,TELTRONIC,HTT-500,True,False,3254740.0,False,False
192,1832822,ERRESERBA2,TALKY,TELTRONIC,HTT-500,True,False,3254737.0,False,False
193,1832823,ERRESERBA3,TALKY,TELTRONIC,HTT-500,True,False,3254741.0,True,False
194,1832824,ERRESERBA4,TALKY,TELTRONIC,HTT-500,True,False,3254740.0,False,False
195,1832825,ERRESERBA5,TALKY,TELTRONIC,HTT-500,True,False,3254743.0,False,False
196,1832826,ERRESERBA6,TALKY,TELTRONIC,HTT-500,True,False,3254735.0,False,False
197,1832827,ERRESERBA7,TALKY,TELTRONIC,HTT-500,True,False,3254744.0,False,False
211,1832551,ERRESERBA-M1,EMISORA,TELTRONIC,MDT-400,True,True,3032852630.0,False,False
157,1832233,ERROIA,TALKY,TELTRONIC,HTT-500,True,False,3128989.0,False,False
145,1832186,ESTURION,TALKY,TELTRONIC,HTT-500,True,False,,False,False
124,1832152,EZPELA,TALKY,TELTRONIC,HTT-500,True,False,,False,False
169,1832403,GAMBO,TALKY,TELTRONIC,HTT-500,True,False,3129122.0,False,False
107,1832124,GAROA,TALKY,TELTRONIC,HTT-500,True,False,3128950.0,False,False
106,1832123,GAVILAN,TALKY,TELTRONIC,HTT-500,True,False,,False,False
127,1832161,GOROSTI,TALKY,TELTRONIC,HTT-500,True,False,,False,False
133,1832171,HAGINA,TALKY,TELTRONIC,HTT-500,True,False,3128050.0,False,False
210,1832671,HAGINA-M,EMISORA,TELTRONIC,MDT-400,True,True,3032852620.0,False,False
126,1832160,HALTZA,TALKY,TELTRONIC,HTT-500,True,False,,False,False
183,1832660,HALTZA-M,EMISORA,TELTRONIC,MDT-400,True,True,,False,False
168,1832402,HAMUA,TALKY,TELTRONIC,HTT-500,True,False,,False,False
129,1832164,HARITZ,TALKY,TELTRONIC,HTT-500,True,False,3128942.0,False,False
153,1832222,HARKAITZ,TALKY,TELTRONIC,HTT-500,True,False,3128956.0,False,False
134,1832172,HARTZA,TALKY,TELTRONIC,HTT-500,True,False,,False,False
128,1832162,HONTZA,TALKY,TELTRONIC,HTT-500,True,False,,False,False
138,1832177,IGELA,TALKY,TELTRONIC,HTT-500,True,False,127031289410.0,False,False
170,1832411,IHILA,TALKY,TELTRONIC,HTT-500,True,False,31289530.0,False,False
119,1832143,INTXUSA,TALKY,TELTRONIC,HTT-500,True,False,3129101.0,False,False
102,1832113,KARPIN,TALKY,TELTRONIC,HTT-500,True,False,,False,False
207,1832828,KATAMOTZA,TALKY,TELTRONIC,HTT-500,True,False,3280943.0,False,False
149,1832212,KIA,TALKY,TELTRONIC,HTT-500,True,False,,False,False
115,1832136,KIRIKIXO,TALKY,TELTRONIC,HTT-500,True,False,3128998.0,False,False
167,1832401,KORKON,TALKY,TELTRONIC,HTT-500,True,False,,False,False
136,1832175,KORMORAN,TALKY,TELTRONIC,HTT-500,True,False,3128961.0,False,False
104,1832115,KRESALA,TALKY,TELTRONIC,HTT-500,True,False,,False,False
146,1832188,KUKUA,TALKY,TELTRONIC,HTT-500,True,False,,False,False
91,1832005,KULIXKA1,TALKY,TELTRONIC,HTT-500,True,False,,False,False
92,1832006,KULIXKA2,TALKY,TELTRONIC,HTT-500,True,False,,False,False
150,1832213,LANPERNA,TALKY,TELTRONIC,HTT-500,True,False,,False,False
101,1832111,LERTXUNA,TALKY,TELTRONIC,HTT-500,True,False,,False,False
103,1832114,LOINA,TALKY,TELTRONIC,HTT-500,True,False,,False,False
179,1832614,LOINA-M,EMISORA,TELTRONIC,MDT-400,True,True,,False,False
147,1832190,MARIGORRINGO,TALKY,TELTRONIC,HTT-500,True,False,,False,False
110,1832131,MAXKARRA,TALKY,TELTRONIC,HTT-500,True,False,,False,False
100,1832101,MIRUA,TALKY,TELTRONIC,HTT-500,True,False,3128949.0,False,False
89,1832003,MOLLARRI1,TALKY,TELTRONIC,HTT-500,True,False,,False,False
90,1832004,MOLLARRI2,TALKY,TELTRONIC,HTT-500,True,False,,False,False
112,1832133,NEGUTA,TALKY,TELTRONIC,HTT-500,True,False,127031290080.0,False,False
94,1832802,OFICINA-1,TALKY,TELTRONIC,HTT-500,True,False,,False,False
95,1832803,OFICINA-2,TALKY,TELTRONIC,HTT-500,True,False,3128887.0,False,False
135,1832173,OILAGORRA,TALKY,TELTRONIC,HTT-500,True,False,,False,False
140,1832180,OTSOA,TALKY,TELTRONIC,HTT-500,True,False,,False,False
184,1832680,OTSOA-M,EMISORA,TELTRONIC,MDT-400,True,True,,False,False
116,1832140,PAGOA,TALKY,TELTRONIC,HTT-500,True,False,3129117.0,False,False
181,1832640,PAGOA-M,EMISORA,TELTRONIC,MDT-400,True,True,,False,False
159,1832252,PIKUA,TALKY,TELTRONIC,HTT-500,True,False,,False,False
120,1832144,POTTOKA,TALKY,TELTRONIC,HTT-500,True,False,31289190.0,False,False
137,1832176,RESERVA8,TALKY,TELTRONIC,HTT-500,True,False,31289270.0,True,False
142,1832182,SAIA,TALKY,TELTRONIC,HTT-500,True,False,,False,False
214,1832903,ST-1 (Sierra Tango 1),TALKY,MOTOROLA,MTP3550,False,False,,False,False
215,1832904,ST-2 (Sierra Tango 2),TALKY,MOTOROLA,MTP3550,True,False,,False,False
151,1832214,SUSTRAI,TALKY,TELTRONIC,HTT-500,True,False,3129086.0,False,False
216,1832900,TANGO 0,EMISORA,MOTOROLA,MXM600,False,False,,False,False
212,1832901,TANGO 1,TALKY,MOTOROLA,MTP3550,True,False,,False,False
213,1832902,TANGO 2,TALKY,MOTOROLA,MTP3550,True,False,,False,False
177,1832800,TECNICO  GUARDIA-M,EMISORA,TELTRONIC,MDT-400,True,True,,False,False
206,1832829,TRIKU,TALKY,TELTRONIC,HTT-500,False,False,3280944.0,True,False
139,1832178,TRIKU GALDUTA,TALKY,TELTRONIC,HTT-500,True,False,,True,False
160,1832253,TXANTXIKU,TALKY,TELTRONIC,HTT-500,True,False,,False,False
123,1832151,TXEPETXA,TALKY,TELTRONIC,HTT-500,True,False,,False,False
105,1832122,TXIMBO,TALKY,TELTRONIC,HTT-500,True,False,,False,False
131,1832167,TXINGURRI,TALKY,TELTRONIC,HTT-500,True,False,,False,False
130,1832165,TXOKA,TALKY,TELTRONIC,HTT-500,True,False,3128914.0,False,False
141,1832181,UGATZ,TALKY,TELTRONIC,HTT-500,True,False,,False,False
113,1832134,UR,TALKY,TELTRONIC,HTT-500,True,False,,False,False
161,1832301,URASKA1,TALKY,TELTRONIC,HTT-500,True,False,3128938.0,False,False
185,1832701,URASKA1M,EMISORA,TELTRONIC,MDT-400,True,True,,False,False
205,1832302,URASKA2,TALKY,TELTRONIC,HTT-500,True,False,32547420.0,False,False
162,1832302,URASKA2 BAJA,TALKY,TELTRONIC,HTT-500,True,False,3128939.0,True,True
186,1832702,URASKA2M,EMISORA,TELTRONIC,MDT-400,True,True,,False,False
204,1832303,URASKA3,TALKY,TELTRONIC,HTT-500,True,False,3254738.0,False,False
163,1832303,URASKA3 BAJA,TALKY,TELTRONIC,HTT-500,True,False,3129069.0,True,True
187,1832703,URASKA3M,EMISORA,TELTRONIC,MDT-400,True,True,,False,False
202,1832304,URASKA4,TALKY,TELTRONIC,HTT-500,True,False,3254739.0,False,True
164,1832304,URASKA4 BAJA,TALKY,TELTRONIC,HTT-500,True,False,3129069.0,True,True
188,1832704,URASKA4M,EMISORA,TELTRONIC,MDT-400,True,True,,False,False
165,1832305,URASKA5,TALKY,TELTRONIC,HTT-500,True,False,,False,False
189,1832705,URASKA5M,EMISORA,TELTRONIC,MDT-400,True,True,,False,False
166,1832306,URASKA6,TALKY,TELTRONIC,HTT-500,True,False,,False,False
190,1832706,URASKA6M,EMISORA,TELTRONIC,MDT-400,True,True,,False,False
122,1832150,URKI,TALKY,TELTRONIC,HTT-500,True,False,,False,False
182,1832650,URKI-M,EMISORA,TELTRONIC,MDT-400,True,True,,False,False
180,1832634,UR-M,EMISORA,TELTRONIC,MDT-400,True,True,,False,False
118,1832142,URRITZA,TALKY,TELTRONIC,HTT-500,True,False,,False,False
93,1832801,ZAINTZA TEK 2,TALKY,TELTRONIC,HTT-500,True,False,,False,False
154,1832223,ZUHAITZ,TALKY,TELTRONIC,HTT-500,True,False,31290910.0,False,False
