Id,RADIO_ID,TEI,ZKA,ALIAS,IRRATI_ID,SARE_ZKA,NORK,NOIZTIK,NOIZARTE,ZERGATIA,ARRETA,TELTRONIC,BATERIA,FUNDA,MICRO,KARGA,12VKABLEA
87,87,3128912.0,1832001,BASAJAUN1,87,1832001,BASAJAUN,2012-03-21,,,,,,False,False,False,False
690,88,,1832002,BASAJAUN2,88,0,BULEGOAN,2023-08-01,,KONPONTZERA BIDALITA,659614.0,RMA 14900,0.0,False,False,False,False
692,88,,1832002,BASAJAUN2,88,0,BULEGOAN,2023-09-19,,,0.0,,0.0,False,False,False,False
88,88,,1832002,BASAJAUN2,88,1832002,BASAJAUN,2012-03-21,2023-07-29,EZ DA PIZTEN,,,,False,False,False,False
717,89,,1832003,MOLLARRI1,89,0,BULEGOA,2024-09-13,2026-06-01,RESERBARAKO ARMAIRUAN GORDE DA. IRRATI BERRIA JASO DU.,0.0,,0.0,False,False,False,False
871,89,,1832003,MOLLARRI1,89,0,KIRIKIXO,2026-07-13,2026-07-28,IRRATIA IZORRATU ZAIO. ORDEZKO BEZALA BIDALI DIOGU VEREDAZ BERGARARA.,0.0,,0.0,False,False,False,False
880,89,,1832003,MOLLARRI1,89,0,BULEGOA,2026-07-28,,IRRATIKO POLTSAN SARTU DUT,0.0,,0.0,False,False,False,False
89,89,,1832003,MOLLARRI1,89,1832003,MOLLARRI,2012-03-21,2016-06-22,,,,,False,False,False,False
347,89,,1832003,MOLLARRI1,89,1832003,ARRETA,2016-06-22,2016-11-22,"BILATZEN GELDITZEN DA, DENBORA ASKO BEHAR DU SAREARA KONEKTATZEKO",,,0.0,False,False,False,False
356,89,,1832003,MOLLARRI1,89,1832003,ARRETA,2016-09-12,2016-11-22,"ERREKLAMAZIOA EGITEN DA,",,,0.0,False,False,False,False
364,89,,1832003,MOLLARRI1,89,1832003,BULEGOA,2016-11-22,2016-11-22,KONPONDUTA (REPARAR AVERIA DE SEÑAL Y SUSTITUCION DE CARCASA DELANTERA),,,0.0,False,False,False,False
424,89,,1832003,MOLLARRI1,89,1832003,MOLLARRI,2018-11-23,2024-09-13,,,,0.0,False,False,False,False
623,90,,1832004,MOLLARRI2,90,0,BULEGOA,2022-01-25,2022-01-27,MIKROFONOA EZ DABIL,0.0,,0.0,False,False,False,False
625,90,,1832004,MOLLARRI2,90,0,ARRETA,2022-01-27,2022-03-04,,0.0,,0.0,False,False,False,False
632,90,,1832004,MOLLARRI2,90,0,BULEGOA,2022-03-04,2022-03-08,,0.0,,0.0,False,False,False,False
636,90,,1832004,MOLLARRI2,90,0,MOLLARRI,2022-03-08,2024-09-13,,0.0,,0.0,False,False,False,False
718,90,,1832004,MOLLARRI2,90,0,BULEGOA,2024-09-13,2026-06-01,ERRETSERBARAKO ARMAIRUAN GORDE DA. BERRIA HARTU DU.,0.0,,0.0,False,False,False,False
90,90,,1832004,MOLLARRI2,90,1832004,MOLLARRI,2012-03-21,2014-04-01,,,,,False,False,False,False
247,90,,1832004,MOLLARRI2,90,1832004,ARRETA,2014-04-01,2014-04-15,SAREAN IDENTIFIKATZEN DA BAINAN EZ ZAIO ENTZUTEN,90962.0,,0.0,False,False,False,False
251,90,,1832004,MOLLARRI2,90,1832004,MOLLARRI,2014-04-15,2016-12-26,,,,0.0,False,False,False,False
373,90,,1832004,MOLLARRI2,90,1832004,BULEGOA,2016-12-26,2016-12-28,PANTAILA EZ DA PIZTEN,,,0.0,False,False,False,False
374,90,,1832004,MOLLARRI2,90,1832004,ARRETA,2016-12-28,2017-02-17,,256098.0,010270_RMA,0.0,False,False,False,False
379,90,,1832004,MOLLARRI2,90,1832004,MOLLARRI,2017-02-17,2022-01-25,,,,0.0,False,False,False,False
782,91,,1832005,KULIXKA1,91,0,BULEGOA,2025-09-22,2025-09-22,MIKRO EZ DABIL. ERANDIORA BIDALITA.,0.0,,0.0,False,False,False,False
803,91,,1832005,KULIXKA1,91,0,ARRETA,2025-09-22,,KONPONTZERA,0.0,61259,0.0,False,False,False,False
91,91,,1832005,KULIXKA1,91,1832005,KULIXKA,2012-03-21,2025-09-19,,,,,False,False,False,False
92,92,,1832006,KULIXKA2,92,1832006,KULIXKA,2012-03-21,,,,,,False,False,False,False
842,93,,1832801,ZAINTZA TEK 2,93,0,ZAINTZA TEK 2,2026-06-03,,ERRESERBARAKO GORDE DUGU ORDEZKO BEZALA. BERRIA MALETAN.,0.0,,0.0,False,False,False,False
93,93,,1832801,ZAINTZA TEK 2,93,1832801,ZAINTZA TEK 2,2012-03-21,2026-06-02,MOTXILAN,,,,False,False,False,False
846,94,,1832802,OFICINA-1,94,0,04/06/2026,2026-06-04,,MALETAN BERRIA. ORDEZKO MODUAN GORDEKO DUGU.,0.0,,0.0,False,False,False,False
226,94,,1832802,OFICINA-1,94,1832802,BULEGOA,2013-11-05,2014-04-01,"BOLUMENAREN BOTOIA FALTA DA, KIRIKIXORI GALDU ZAIO MENDIAN",,,0.0,False,False,False,False
231,94,,1832802,OFICINA-1,94,1832802,KIRIKIXO,2013-10-02,2013-11-05,,,,0.0,False,False,False,False
249,94,,1832802,OFICINA-1,94,1832802,URASKA4,2014-04-01,2014-05-05,1832304 TALKIAREN ORDEZ - KONPONTZERA BIDALI DA,,,0.0,False,False,False,False
259,94,,1832802,OFICINA-1,94,1832802,BULEGOA,2014-05-05,2015-12-09,,,,0.0,False,False,False,False
301,94,,1832802,OFICINA-1,94,1832802,ION ARANTZETA 59,2015-12-09,2016-02-17,,,,2.0,True,True,True,True
332,94,,1832802,OFICINA-1,94,1832802,BULEGOA,2016-02-17,2016-12-28,,,,1.0,True,True,True,True
375,94,,1832802,OFICINA-1,94,1832802,MOLLARRI,2016-12-28,2017-02-27,MOLLARRI2 KONPONDU ARTEAN,,,0.0,False,False,False,False
380,94,,1832802,OFICINA-1,94,1832802,BULEGOA,2017-02-27,2019-02-10,TEKNIKO GUARDIA BIGARREN MALETA,,,0.0,False,False,False,False
505,94,,1832802,OFICINA-1,94,1832802,ZAINTZA TEKNIKARIA 2,2019-02-10,2026-06-04,MALETAN,,,0.0,False,False,False,False
876,95,3128887.0,1832803,OFICINA-2,95,0,EKHI,2026-07-06,2026-07-27,ANTZUOLAKO SUTERA ERAMAN DU,0.0,,0.0,False,False,False,False
877,95,3128887.0,1832803,OFICINA-2,95,0,BULEGOA,2026-07-27,2026-08-06,JON GAZTELUMENDIK HARTU DU. BERAK IZANGO DU.,0.0,,0.0,False,False,False,False
222,95,3128887.0,1832803,OFICINA-2,95,1832803,IÑIGO IBAIBARRIAGA,2013-10-24,2013-11-26,IZADIZAINTZA LAGUNTZA,,,2.0,True,False,True,True
237,95,3128887.0,1832803,OFICINA-2,95,1832803,BULEGOA,2013-11-26,2015-12-12,,,,0.0,True,False,True,True
302,95,3128887.0,1832803,OFICINA-2,95,1832803,BELATZ,2015-12-12,2019-05-20,BEREA AMILDEGITIK ERORITA GALDU ZUEN.,,,0.0,False,False,False,False
493,95,3128887.0,1832803,OFICINA-2,95,1832803,BULEGOA,2019-05-20,2019-05-30,,,,0.0,False,False,False,False
494,95,3128887.0,1832803,OFICINA-2,95,1832803,KULIXKA,2019-05-30,2019-06-10,TRIATLON,,,0.0,False,False,False,False
502,95,3128887.0,1832803,OFICINA-2,95,1832803,BULEGOA,2019-06-10,2026-07-06,,,,0.0,False,False,False,False
538,96,3128882.0,1832811,BASOZAINORDE1,96,0,BULEGOA,2020-09-16,2020-09-17,,,,0.0,False,False,False,False
541,96,3128882.0,1832811,BASOZAINORDE1,96,0,GAROA2,2020-09-17,2020-12-10,BEREA KONPONDU ARTE,,,0.0,False,False,False,False
568,96,3128882.0,1832811,BASOZAINORDE1,96,0,BULEGOA,2020-12-10,2022-01-21,,0.0,,0.0,False,False,False,False
621,96,3128882.0,1832811,BASOZAINORDE1,96,0,POTTOKA,2022-01-21,2022-04-05,BEREA KONPONDU ARTE,0.0,,1.0,False,False,False,False
645,96,3128882.0,1832811,BASOZAINORDE1,96,0,BULEGOA,2022-04-05,2022-06-20,,0.0,,0.0,False,False,False,False
648,96,3128882.0,1832811,BASOZAINORDE1,96,0,BASATI,2022-06-20,2022-09-15,HERNANIKO OCA-RA BIDALITA,0.0,,0.0,False,False,False,False
659,96,3128882.0,1832811,BASOZAINORDE1,96,0,BULEGOA,2022-09-15,2023-01-25,,0.0,,0.0,False,False,False,False
668,96,3128882.0,1832811,BASOZAINORDE1,96,0,UR,2023-01-25,2023-02-17,BEREA EZ DU AURKITZEN,0.0,,0.0,False,False,False,False
679,96,3128882.0,1832811,BASOZAINORDE1,96,0,BULEGOA,2023-02-17,2023-03-10,,0.0,,0.0,False,False,False,False
688,96,3128882.0,1832811,BASOZAINORDE1,96,0,NEGUTA,2023-03-10,2023-07-17,BERA KONPONDU ARTE,0.0,,0.0,False,False,False,False
689,96,3128882.0,1832811,BASOZAINORDE1,96,0,BULEGOA,2023-03-19,2023-10-24,,0.0,,0.0,False,False,False,False
695,96,3128882.0,1832811,BASOZAINORDE1,96,0,POTTOKA,2023-10-24,2024-05-27,BEREA KONPONTZEN DAGOENA ORDEZKATZEKO,0.0,,0.0,False,False,False,False
711,96,3128882.0,1832811,BASOZAINORDE1,96,0,BULEGOA,2024-05-27,2024-09-26,,0.0,,0.0,False,False,False,False
726,96,3128882.0,1832811,BASOZAINORDE1,96,0,MIRUA,2024-09-26,2024-10-10,BEREA KONPONTZEN DAGOENA ORDEZKATZEKO,0.0,,0.0,False,False,False,False
728,96,3128882.0,1832811,BASOZAINORDE1,96,0,BULEGOA,2024-10-10,2025-02-21,,0.0,,0.0,False,False,False,False
735,96,3128882.0,1832811,BASOZAINORDE1,96,0,ZUHAITZ,2025-02-21,2025-03-20,ERRETENARI ESLEITZEN ZAIO BERAIENA KONPONTZEN DUTEN BITARTEAN,0.0,,0.0,False,False,False,False
743,96,3128882.0,1832811,BASOZAINORDE1,96,0,BULEGOA,2025-03-20,,JAIZKIBELGO SUTEAN KISKALI DA,0.0,,0.0,False,False,False,False
220,96,3128882.0,1832811,BASOZAINORDE1,96,1832811,AZARI,2013-10-24,2022-04-05,ERTZAINEKIN HITZEGITEKO,,,1.0,False,False,False,False
233,96,3128882.0,1832811,BASOZAINORDE1,96,1832811,BULEGOA,2013-10-28,2013-12-04,,,,0.0,False,False,False,False
242,96,3128882.0,1832811,BASOZAINORDE1,96,1832811,ANTXETA,2013-12-04,2014-01-08,,,,0.0,False,False,False,False
246,96,3128882.0,1832811,BASOZAINORDE1,96,1832811,BULEGOA,2014-01-08,2014-04-01,,,,0.0,False,False,False,False
250,96,3128882.0,1832811,BASOZAINORDE1,96,1832811,MOLLARRI,2014-04-01,2014-04-16,KONPONTZEN DAGOENA ORDEZKATZEKO (MOLLARRI2),,,0.0,False,False,False,False
253,96,3128882.0,1832811,BASOZAINORDE1,96,1832811,BULEGOA,2014-04-16,2014-04-23,MOLLARRI2 KONPONDUTA DAGOENEZ ITZULTZEN DU,,,0.0,False,False,False,False
256,96,3128882.0,1832811,BASOZAINORDE1,96,1832811,KIRIKIXO,2014-04-23,2014-05-09,BEREA KONPONTZEN GAGOENEZ ORDEZKATZEKO,,,0.0,False,False,False,False
271,96,3128882.0,1832811,BASOZAINORDE1,96,1832811,IGELA,2015-02-02,2015-02-12,BEREA KONPONTZEN GAGOENEZ ORDEZKATZEKO (ANTENA ERE ERAMATEN DU),,,0.0,False,False,False,False
277,96,3128882.0,1832811,BASOZAINORDE1,96,1832811,BULEGOA,2015-02-12,2015-05-26,ANTXETARI BIDALTZEN DIOT BEREA KONPONDU ARTE,,,0.0,False,False,False,False
280,96,3128882.0,1832811,BASOZAINORDE1,96,1832811,ANTXETA,2015-05-26,2015-07-16,,,,0.0,False,False,False,False
283,96,3128882.0,1832811,BASOZAINORDE1,96,1832811,BULEGOA,2015-07-16,2015-09-02,,,,0.0,False,False,False,False
286,96,3128882.0,1832811,BASOZAINORDE1,96,1832811,OTSOA,2015-08-31,2015-12-28,BEREA KONPONTZEN DAGOENA ORDEZKATZEKO,,,0.0,False,False,False,False
308,96,3128882.0,1832811,BASOZAINORDE1,96,1832811,URASKA 4,2015-12-28,2016-04-27,,,,0.0,False,False,False,False
343,96,3128882.0,1832811,BASOZAINORDE1,96,1832811,BULEGOA,2016-04-27,2016-12-05,,,,0.0,False,False,False,False
369,96,3128882.0,1832811,BASOZAINORDE1,96,1832811,ANTXETA,2016-12-05,2017-03-06,BEREA KONPONTZEN DAGOENA ORDEZKATZEKO,,,0.0,False,False,False,False
381,96,3128882.0,1832811,BASOZAINORDE1,96,1832811,BULEGOA,2017-03-06,2018-09-21,,,,0.0,False,False,False,False
411,96,3128882.0,1832811,BASOZAINORDE1,96,1832811,KATAMOTZA,2018-09-21,2019-05-20,BEREA GALDU DU ETA ORDEZKATZEKO,,,0.0,False,False,False,False
491,96,3128882.0,1832811,BASOZAINORDE1,96,1832811,BULEOGOA,2019-05-20,2019-05-30,,,,0.0,False,False,False,False
492,96,3128882.0,1832811,BASOZAINORDE1,96,1832811,KULIXKA,2019-05-30,2019-06-10,TRIATLON,,,0.0,False,False,False,False
503,96,3128882.0,1832811,BASOZAINORDE1,96,1832811,BULEGOA,2019-06-10,2020-02-20,,,,0.0,False,False,False,False
523,96,3128882.0,1832811,BASOZAINORDE1,96,0,BASATI,2020-02-20,2020-09-16,BEREA KONPONDU ARTE,,,0.0,False,False,False,False
615,97,,1832812,BASOZAINORDE2,97,0,URASKA4,2021-04-15,2021-09-06,,0.0,,0.0,False,False,False,False
616,97,,1832812,BASOZAINORDE2,97,0,BULEGOA,2021-09-06,2022-09-01,,0.0,,0.0,False,False,False,False
676,97,,1832812,BASOZAINORDE2,97,0,AMILOTX,2022-09-01,2023-02-17,BEREA KONPONDU BITARTEAN,0.0,,0.0,False,False,False,False
677,97,,1832812,BASOZAINORDE2,97,0,BULEGOA,2023-02-17,2025-03-10,,0.0,,0.0,False,False,False,False
738,97,,1832812,BASOZAINORDE2,97,0,AGINA ERRETENA,2025-03-10,2025-07-21,ERRETENEKO TALKIA EZ DA PIZTEN,0.0,,0.0,False,False,False,False
776,97,,1832812,BASOZAINORDE2,97,0,BULEGOA,2025-07-22,,BULEGORA BUELTATU DU ANTXETAK AGINA RT-RI UTZITAKO TALKYA,0.0,,0.0,False,False,False,False
201,97,,1832812,BASOZAINORDE2,97,1832812,ARRETA,2012-10-05,2012-12-20,PANTAILA PUSKATUTA,,,,False,False,False,False
221,97,,1832812,BASOZAINORDE2,97,1832812,AZARI,2013-10-24,2013-10-28,ERTZAINEKIN HITZEGITEKO,,,1.0,False,False,False,False
228,97,,1832812,BASOZAINORDE2,97,1832812,INMA LIZASO,2013-10-31,2013-11-04,ERTZAINEKIN HITZEGITEKO,,,0.0,False,False,False,False
236,97,,1832812,BASOZAINORDE2,97,1832812,BULEGOA,2013-11-04,2014-10-17,,,,0.0,False,False,False,False
262,97,,1832812,BASOZAINORDE2,97,1832812,LANPERNA,2014-10-17,2014-11-25,LANPERNAN TALKYA PANTAILA EZ DA PIZTEN,,,0.0,False,False,False,False
266,97,,1832812,BASOZAINORDE2,97,1832812,BULEGOA,2014-11-25,2014-12-03,URASKA-1 ERI BIDALTZEN DIOT. BEREA ARRETAN,,,0.0,False,False,False,False
269,97,,1832812,BASOZAINORDE2,97,1832812,BULEGOA,2015-01-23,2015-12-22,BULEGOAN GORDETZEN DA,,,0.0,False,False,False,False
736,98,3128874.0,1832813,BASOZAINORDE3,98,0,BELEA,2025-03-07,2025-09-25,BEREA KONPONDU BITARTEAN.,0.0,,0.0,False,False,False,False
785,98,3128874.0,1832813,BASOZAINORDE3,98,0,AMORRAI,2025-10-17,2026-02-05,BEREA KONPONDU BITARTEAN,0.0,,0.0,False,False,False,False
826,98,3128874.0,1832813,BASOZAINORDE3,98,0,BULEGOA,2026-02-05,2026-06-08,,0.0,,0.0,False,False,False,False
857,98,3128874.0,1832813,BASOZAINORDE3,98,0,129 AARRANO,2026-06-08,,,0.0,,0.0,False,False,False,False
98,98,3128874.0,1832813,BASOZAINORDE3,98,1832813,JULEN EIZMENDI,2013-10-24,2013-12-04,IZADIZAINTZA LAGUNTZA,,,2.0,True,False,True,True
239,98,3128874.0,1832813,BASOZAINORDE3,98,1832813,BULEGOA,2013-12-04,2015-09-10,ANTXETARI BIDALTZEN DIOT BEREA KONPONDU ARTE,,,0.0,False,False,False,False
287,98,3128874.0,1832813,BASOZAINORDE3,98,1832813,66-ANTXETA,2015-09-10,2015-09-17,VEREDAZ,,,0.0,False,False,False,False
290,98,3128874.0,1832813,BASOZAINORDE3,98,1832813,BULEGOA,2015-09-17,2015-11-16,EPERRARI BIDALTZEN ZAIO BEREA KONPONDU ARTE,,,0.0,False,False,False,False
293,98,3128874.0,1832813,BASOZAINORDE3,98,1832813,EPERRA,2015-11-16,2016-01-04,BLOKEATUTA GELDITZEN DA DMO.,,,0.0,False,False,False,False
320,98,3128874.0,1832813,BASOZAINORDE3,98,1832813,BULEGOA,2016-01-04,2016-01-11,BLOKEATUTA GELDITZEN DA DMO.,,,0.0,False,False,False,False
322,98,3128874.0,1832813,BASOZAINORDE3,98,1832813,ARRETA,2016-01-11,2016-09-16,,189818.0,009270_RMA,0.0,False,False,False,False
357,98,3128874.0,1832813,BASOZAINORDE3,98,1832813,ISMAEL MONDRAGON,2016-09-16,2016-10-11,PROCESIONARIA AURKAKO KANPAINAN ERABILIKO DA,,,1.0,False,False,True,True
361,98,3128874.0,1832813,BASOZAINORDE3,98,1832813,BULEGOA,2016-10-11,2018-09-21,,,,0.0,False,False,False,False
412,98,3128874.0,1832813,BASOZAINORDE3,98,1832813,IGELA2,2018-09-21,2019-01-07,BEREA KONPONDU BITARTEAN,,,0.0,False,False,False,False
431,98,3128874.0,1832813,BASOZAINORDE3,98,1832813,BAJA,2019-01-07,2019-01-08,IGELAK GALDUTZAT EMATEN DU ETA ARRETAN BAJA EMATEN ZAIO,,,0.0,False,False,False,False
432,98,3128874.0,1832813,BASOZAINORDE3,98,1832813,IGELA2,2019-01-08,2019-01-10,IGELAK AURKITU DU IRRATIA ETA BERRIRO ARRETAN ALTA EMAN ZAIO,,,0.0,False,False,False,False
433,98,3128874.0,1832813,BASOZAINORDE3,98,1832813,BULEGOA,2019-01-10,2025-03-07,IGELAREN IRRATIA KONPONDU ETA GERO BULEGOAN GORDETZEN DA,,,0.0,False,False,False,False
744,99,3128872.0,1832814,BASOZAINORDE4,99,0,ZUHAITZ,2025-03-21,2025-12-01,BASOZAINORDE1 KISKALI ZITZAION JAIZKIBELGO SUTEAN - BULEGOAN,0.0,,0.0,False,False,False,False
805,99,3128872.0,1832814,BASOZAINORDE4,99,0,EKHI MANDIOLA,2026-02-20,2026-02-21,OIARTZUNGO PRAKTIKARAKO UTZIA.,0.0,,0.0,False,False,False,False
828,99,3128872.0,1832814,BASOZAINORDE4,99,0,HAGINA,2026-02-21,2026-09-16,HAGINAK HARTUKO DU BEREA KONPONDU ARTE.,0.0,,0.0,False,False,False,False
888,99,3128872.0,1832814,BASOZAINORDE4,99,0,BULEGOA,2026-09-16,,,0.0,,0.0,False,False,False,False
99,99,3128872.0,1832814,BASOZAINORDE4,99,1832814,AITOR ARRIAGA,2013-10-24,2013-12-03,IZADIZAINTZA LAGUNTZA,,,2.0,True,False,True,True
238,99,3128872.0,1832814,BASOZAINORDE4,99,1832814,BULEGOA,2013-12-03,2015-12-09,FUNDA FALTA DA,,,0.0,False,False,False,False
300,99,3128872.0,1832814,BASOZAINORDE4,99,1832814,MUTURLUZE,2015-12-09,2016-02-11,BATERI BAT GUTXIAGO BUELTATZEN DU,,,2.0,True,True,True,True
331,99,3128872.0,1832814,BASOZAINORDE4,99,1832814,BULEGOA,2016-02-11,2016-09-16,,,,0.0,False,False,False,False
358,99,3128872.0,1832814,BASOZAINORDE4,99,1832814,ISMAEL MONDRAGON,2016-09-16,2016-10-11,PROCESIONARIA AURKAKO KANPAINAN ERABILIKO DA,,,1.0,False,False,True,False
362,99,3128872.0,1832814,BASOZAINORDE4,99,1832814,BULEGOA,2016-10-11,2016-12-21,URASKA 3 RI BIDALTZEN ZAIO BEREA AZALDU BITARTEAN.,,,0.0,False,False,False,False
372,99,3128872.0,1832814,BASOZAINORDE4,99,1832814,URASKA3,2016-12-21,2019-05-20,BELATZERI BIDALTZEN DIOT ESKURATZEKO. 18-8-2018. BELATZI TALKYA ESKATZEKO ESKATZEN DIOT.,,,0.0,False,False,False,False
495,99,3128872.0,1832814,BASOZAINORDE4,99,1832814,BULEGOA,2019-05-20,2019-05-30,,,,0.0,False,False,False,False
496,99,3128872.0,1832814,BASOZAINORDE4,99,1832814,KULIXKA,2019-05-30,2019-06-10,TRIATLON,,,0.0,False,False,False,False
504,99,3128872.0,1832814,BASOZAINORDE4,99,1832814,BULEGOA,2019-06-10,2025-03-21,,,,0.0,False,False,False,False
525,100,3128949.0,1832101,MIRUA,100,0,BULEGOA,2020-08-14,2020-08-19,MIRUAK JASOTZEKO ZAIN,,,0.0,False,False,False,False
528,100,3128949.0,1832101,MIRUA,100,0,28-MIRUA,2020-08-19,2024-09-27,67-MIRUAK BEREDAZ BIDALTZEN DU. PTT TEKLA EZ DABIL,,,0.0,False,False,False,False
551,100,3128949.0,1832101,MIRUA,100,0,BULEGOA,2015-07-30,2015-09-07,,,,0.0,False,False,False,False
552,100,3128949.0,1832101,MIRUA,100,0,28-MIRUA,2015-09-07,2019-02-07,TALKIKO MIKROA BA DIRUDI EZ DABILELA. OSO BAJU ENTZUTEN DIOTE.,,,0.0,False,False,False,False
727,100,3128949.0,1832101,MIRUA,100,0,ARRETA,2024-09-27,,,0.0,,0.0,False,False,False,False
739,100,3128949.0,1832101,MIRUA,100,0,67-MIRUA,2025-03-18,2025-03-18,67-MIRUAK BEREDAZ. MIKROA EZ DABIL. EZ DUTE ENTZUTEN.,0.0,,0.0,False,False,False,False
740,100,3128949.0,1832101,MIRUA,100,0,BULEGOA,2025-03-18,,MEZULARIZ BIDALIKO DUGU KONPONTZERA.,0.0,060435_RMA,0.0,False,False,False,False
769,100,3128949.0,1832101,MIRUA,100,0,67-MIRUA,2025-07-17,,BEREDAZ HERNANIKO ENB-RA BIDALTZEN DIOT,0.0,,0.0,False,False,False,False
100,100,3128949.0,1832101,MIRUA,100,1832101,01-MIRUA,2012-03-21,2015-07-30,JUBILATU,,,2.0,True,True,True,True
436,100,3128949.0,1832101,MIRUA,100,1832101,BULEGOA,2019-02-07,2019-02-12,BATERIA EGUN BATEZ KENDU ZAIO ETA BERRIRO JARTZEAN MIKROA ONDO DABIL,,,0.0,False,False,False,False
437,100,3128949.0,1832101,MIRUA,100,1832101,28-MIRUA,2019-02-12,2019-06-04,BULEGOTIK JASO DU,,,0.0,False,False,False,False
498,100,3128949.0,1832101,MIRUA,100,1832101,BULEGOA,2019-06-04,2019-06-04,MIRUAK BULEGOAN UTZI DU EZ DULEAKO EMITITZEN,,,0.0,False,False,False,False
506,100,3128949.0,1832101,MIRUA,100,1832101,ARRETA,2019-06-05,2019-09-02,EZ DU EMITITZEN,388297.0,012402_RMA,0.0,False,False,False,False
517,100,3128949.0,1832101,MIRUA,100,1832101,ARRETA,2019-12-17,2020-08-14,,413657.0,012813_RMA,0.0,False,False,False,False
520,100,3128949.0,1832101,MIRUA,100,1832101,28-MIRUA,2019-09-02,2019-12-17,TALKYKO MIKROFONOAK EZ DABIL. MIKRO PORTATILEKIN BAI.,,,0.0,False,False,False,False
549,101,,1832111,LERTXUNA,101,0,BULEGOA,2018-05-02,2018-05-06,,,,0.0,False,False,False,False
550,101,,1832111,LERTXUNA,101,0,46-LERTXUNA,2018-05-06,2024-09-16,ZOANAREN ALDAKETARENGATIK,,,0.0,False,False,False,False
721,101,,1832111,LERTXUNA,101,0,ESLEITU GABE,2024-09-16,,,0.0,,0.0,False,False,False,False
101,101,,1832111,LERTXUNA,101,1832111,11-LERTXUNA,2012-03-21,2018-05-02,JUBILATU,,,,False,False,False,False
102,102,,1832113,KARPIN,102,1832113,13-KARPIN,2012-03-21,,,,,,False,False,False,False
832,103,,1832114,LOINA,103,0,76-KATAMOTZA,2026-03-13,2026-04-01,BEREA AURKITU BITARTEAN LOINARENA HARTU DU. JUBILATU DA.,0.0,,0.0,False,False,False,False
835,103,,1832114,LOINA,103,0,BULEGOAN,2026-04-01,2026-06-23,,0.0,,0.0,False,False,False,False
860,103,,1832114,LOINA,103,0,127-LOINA BERRIA,2026-06-23,,ZARAUTZEKO ENB-RA. 2 BATERIA ETA ANTENAREKIN.,0.0,,0.0,False,False,False,False
103,103,,1832114,LOINA,103,1832114,14-LOINA,2012-03-21,2026-03-13,JUBILATU EGIN DA.,,,,False,False,False,False
823,104,,1832115,KRESALA,104,0,58-KRESALA,,2025-12-14,,0.0,,0.0,False,False,False,False
824,104,,1832115,KRESALA,104,0,18-KRESALA,2026-02-02,,BASOZAINAREN ALDAKETA,0.0,,0.0,False,False,False,False
104,104,,1832115,KRESALA,104,1832115,15-KRESALA,2012-03-21,,,,,,False,False,False,False
571,105,,1832122,TXIMBO,105,0,22-TXIMBO,2021-02-08,2025-11-03,AGERTU DA. ARRETARI ALTA EMATAKO ESKATZEN ZAIO.,0.0,,0.0,False,False,False,False
791,105,,1832122,TXIMBO,105,0,BULEGOA,2025-11-03,2025-12-19,KONPONTZERA BIDALI DUGU. PTT KALTETUTA.,0.0,,0.0,False,False,False,False
812,105,,1832122,TXIMBO,105,0,TXIMBO,2025-12-19,,HERNANIKO ENB-RA BEREDAZ BIDALITA,0.0,,0.0,False,False,False,False
105,105,,1832122,TXIMBO,105,1832122,22-TXIMBO,2012-03-21,2013-07-17,GPS-KO AUKERA GRISAN DU ETA EZIN DU MARTXAN JARRI,,,2.0,True,True,True,True
211,105,,1832122,TXIMBO,105,1832122,BULEGOA,2013-07-18,2013-08-19,FROGAK EGIN DA GERO HEMEN SARTZEKO AUKERA EMATEN DIGU.,,,,False,False,False,False
212,105,,1832122,TXIMBO,105,1832122,22-TXIMBO,2013-08-19,2021-01-31,TXINBORI GALDU EGIN ZAIO. ARRETAN BAJA EMAN ZAIO.,,,,False,False,False,False
701,106,,1832123,GAVILAN,106,0,BULEGOAN,2022-10-02,2024-04-11,JUBILATU DELAKO ETA EZ DELAKO ORDEZKATUKO,0.0,,0.0,False,False,False,False
702,106,,1832123,GAVILAN,106,0,KATAMOTZA,2024-04-11,2024-08-16,BERE IRRATIA (1832828) MATXURATUTA,0.0,,0.0,False,False,False,False
714,106,,1832123,GAVILAN,106,0,BULEGOAN,2024-08-16,,,0.0,,0.0,False,False,False,False
106,106,,1832123,GAVILAN,106,1832123,23-GAVILAN,2012-03-21,2015-02-03,,,,,False,False,False,False
273,106,,1832123,GAVILAN,106,1832123,BULEGOA,2015-02-03,2015-06-22,JUBILATU DELAKO HEMEN UTZI DA,,,0.0,True,True,False,False
294,106,,1832123,GAVILAN,106,1832123,27-GAVILAN,2015-06-22,2017-05-16,IGOR MARTINEZ,,,0.0,False,False,False,False
447,106,,1832123,GAVILAN,106,1832123,29-GAVILAN,2017-05-16,2022-10-02,,,,0.0,False,False,False,False
540,107,3128950.0,1832124,GAROA,107,0,ARRETA,2020-09-17,2020-12-04,,456386.0,013256_RMA,0.0,False,False,False,False
557,107,3128950.0,1832124,GAROA,107,0,BULEGOA,2019-07-22,2020-09-17,,,,0.0,False,False,False,False
564,107,3128950.0,1832124,GAROA,107,0,BULEGOA,2020-12-04,2020-12-07,,0.0,RP051385,0.0,False,False,False,False
565,107,3128950.0,1832124,GAROA,107,0,39-GAROA,2020-12-07,,VEREDAZ BIDALTZEN ZAIO,0.0,,0.0,False,False,False,False
107,107,3128950.0,1832124,GAROA,107,1832124,24-GAROA,2012-03-21,2020-09-17,EZ DA PIZTEN,,,,False,False,False,False
821,108,,1832120,ARRUBIO,108,0,E.N.B HERNANI,2026-01-21,,ZONA ORDEZKAPENAREN ZAIN,0.0,,0.0,False,False,False,False
108,108,,1832120,ARRUBIO,108,1832120,25-ARRUBIO,2012-03-21,2018-02-20,,,,,False,False,False,False
404,108,,1832120,ARRUBIO,108,1832120,BULEGOA,2018-02-20,2018-03-07,BOLUMENAREN BOTOIA KONPONTZEKO,,,0.0,False,False,False,False
406,108,,1832120,ARRUBIO,108,1832120,25-ARRUBIO,2018-03-07,2026-01-21,KONPONDUTA BIDALTZEN ZAIO.,,,0.0,False,False,False,False
850,109,,1832130,AMETZA,109,0,BULEGOA,2026-06-04,2026-06-08,ORDEZKO MODUAN. BERRIA EMAN ZAIO.,0.0,,0.0,False,False,False,False
855,109,,1832130,AMETZA,109,0,,,,,0.0,,0.0,False,False,False,False
109,109,,1832130,AMETZA,109,1832130,30-AMETZA,2012-03-21,2026-06-04,,,,,False,False,False,False
534,110,,1832131,MAXKARRA,110,0,BULEGOA,2020-06-04,2020-09-07,,,,0.0,False,False,False,False
535,110,,1832131,MAXKARRA,110,0,18-MAXKARRA,2020-09-07,,EDUARDO SANCHEZ-PORTAL,,,2.0,True,True,True,True
110,110,,1832131,MAXKARRA,110,1832131,31-MAXKARRA,2012-03-21,2013-10-18,ANTXETARI PASATZEN DIO,,,,False,False,False,False
218,110,,1832131,MAXKARRA,110,1832131,66-ANTXETA,2013-10-18,2013-11-11,,,,,False,False,False,False
466,110,,1832131,MAXKARRA,110,1832131,31-MAXKARRA,2013-11-11,2020-06-03,JUBILATUTA,,,2.0,True,True,True,False
664,111,3128959.0,1832132,ARRANO,111,0,BUlLEGOA,2022-11-17,2022-11-17,PANTAILA EZ DA PIZTEN,598959.0,014529_RMA,1.0,False,False,False,False
665,111,3128959.0,1832132,ARRANO,111,0,ARRETA,2022-11-17,,,598959.0,014529_RMA,0.0,False,False,False,False
666,111,3128959.0,1832132,ARRANO,111,0,ARRETA,2022-12-16,2023-02-09,,0.0,,0.0,False,False,False,False
670,111,3128959.0,1832132,ARRANO,111,0,BULEGOA,2023-02-09,2023-02-10,,0.0,,0.0,False,False,False,False
673,111,3128959.0,1832132,ARRANO,111,0,32-ARRANO,2023-02-10,2024-01-22,JUBILAZIOARENGATIK,0.0,,0.0,False,False,False,False
724,111,3128959.0,1832132,ARRANO,111,0,101-ARRANO,2024-01-22,2024-09-16,KONTRATOA AMAITZEAGATIK,0.0,,0.0,False,False,False,False
725,111,3128959.0,1832132,ARRANO,111,0,ESLEITU GABE,2024-09-16,2026-06-04,"ORDEZKOA EMAN ZAIO, BERRIA, 1. SEKZIO OSOARI",0.0,,0.0,False,False,False,False
840,111,3128959.0,1832132,ARRANO,111,0,47-ARRANO,,2026-05-26,BULEGOAN DESAKTIBATZEKO. MOTOROLA BERRIA EMAN ZAIO,0.0,,0.0,False,False,False,False
847,111,3128959.0,1832132,ARRANO,111,0,BULEGOA,2026-06-04,,ORDEZKO MODUAN GORDEKO DUGU,0.0,,0.0,False,False,False,False
111,111,3128959.0,1832132,ARRANO,111,1832132,32-ARRANO,2012-03-21,2017-10-24,,,,,False,False,False,False
394,111,3128959.0,1832132,ARRANO,111,1832132,BULEGOA,2017-10-24,2017-10-24,PIZTEAN BLOKEATUTA GELDITZEN DA,,,0.0,False,False,False,False
395,111,3128959.0,1832132,ARRANO,111,1832132,ARRETA,2017-10-24,2017-12-20,,305562.0,011029_RMA,0.0,False,False,False,False
401,111,3128959.0,1832132,ARRANO,111,1832132,BULEGOA,2017-12-20,2018-02-07,KONPONDUTA,,,0.0,False,False,False,False
402,111,3128959.0,1832132,ARRANO,111,1832132,32-ARRANO,2018-02-07,2022-11-17,BEREDAZ ARRANO BIDALTZEN ZAIO,,,0.0,False,False,False,False
627,112,127031290080.0,1832133,NEGUTA,112,0,MATXURATUA,2022-02-01,2022-03-04,SARERA EZ DA KONEKTATZEN,549264.0,014093,0.0,False,False,False,False
633,112,127031290080.0,1832133,NEGUTA,112,0,BULEGOA,2022-03-04,2022-03-08,,0.0,,0.0,False,False,False,False
634,112,127031290080.0,1832133,NEGUTA,112,0,NEGUTA,2022-03-08,2023-03-17,BEREDA BIDEZ BIDALTZEN DA,0.0,,0.0,False,False,False,False
682,112,127031290080.0,1832133,NEGUTA,112,0,BULEGOA,2023-03-17,2023-03-21,SARERA EZ DA KONEKTATZEN,745370.0,01722_RMA,0.0,False,False,False,False
683,112,127031290080.0,1832133,NEGUTA,112,0,ARRETA,2023-03-21,2023-07-12,,0.0,,0.0,False,False,False,False
686,112,127031290080.0,1832133,NEGUTA,112,0,NEGUTA,2023-07-12,2026-06-04,BEREDA BIDEZ BIDALTZEN DA,0.0,,0.0,False,False,False,False
687,112,127031290080.0,1832133,NEGUTA,112,0,NEGUTA,,,,0.0,,0.0,False,False,False,False
849,112,127031290080.0,1832133,NEGUTA,112,0,BULEGOA,2026-06-04,,ORDEZKO MODUAN. DESAKTIBATZEKO. BERRIA EMAN ZAIO.,0.0,,0.0,False,False,False,False
112,112,127031290080.0,1832133,NEGUTA,112,1832133,33-NEGUTA,2012-03-21,2022-02-01,,,,,False,False,False,False
581,113,,1832134,UR,113,0,65-UR,2021-03-29,,OLATZ EREMU ALDAKETA,0.0,,0.0,False,False,False,False
669,113,,1832134,UR,113,0,GALDUTA,2023-01-25,2026-06-04,AURKITZEN DUEN ZAIN,0.0,,0.0,False,False,False,False
853,113,,1832134,UR,113,0,BULEGOA,2026-06-04,,ORDEZKO MODUAN. DESAKTIBATZEKO. BERRIA EMAN ZAIO.,0.0,,0.0,False,False,False,False
113,113,,1832134,UR,113,1832134,34-UR,2012-03-21,2021-03-29,UR JUBILATUTA,,,,False,False,False,False
542,114,3129075.0,1832135,BASAHAIZE,114,0,BULEGOA,2020-09-21,2020-10-13,,,,1.0,False,True,True,True
543,114,3129075.0,1832135,BASAHAIZE,114,0,47-BASAHAIZE,2020-10-13,,,,,2.0,True,True,True,True
799,114,3129075.0,1832135,BASAHAIZE,114,0,103- BASAHAIZE,,,LANEAN HASTEN DA,0.0,,0.0,False,False,False,False
800,114,3129075.0,1832135,BASAHAIZE,114,0,,,,,0.0,,0.0,False,False,False,False
801,114,3129075.0,1832135,BASAHAIZE,114,0,103-BASAHAIZE,,,LANEAN HASTEN DA,0.0,,0.0,False,False,False,False
802,114,3129075.0,1832135,BASAHAIZE,114,0,103-BASAHAIZE,2025-03-01,,LANEAN HASTEN DA,0.0,,0.0,False,False,False,False
114,114,3129075.0,1832135,BASAHAIZE,114,1832135,35-BASAHAIZE,2012-03-21,2015-12-24,,,,,False,False,False,False
260,114,3129075.0,1832135,BASAHAIZE,114,1832136,36-KIRIKIXO,2014-05-05,,VEREDAZ BIDALTZEN DIOT.,,,0.0,False,False,False,False
312,114,3129075.0,1832135,BASAHAIZE,114,1832135,URASKA2,2015-12-24,2016-01-11,EZ DAGO ORDEZKOA. BASAHAIZE OPORRETAN DAGON BITARTEAN.,,,0.0,False,False,False,False
319,114,3129075.0,1832135,BASAHAIZE,114,1832135,BULEGOA,2016-01-11,2016-01-12,24 VKO SOBREKARGA JASAN DU (ANTENA ETA BI BATERIA EKARRI DITU),,,2.0,False,False,False,False
321,114,3129075.0,1832135,BASAHAIZE,114,1832135,ARRETA,2016-01-12,2016-02-29,"
ARRETA – 189821 Inz_Zenb - TELTRONIC- 009271_RMA",,009271_RMA,0.0,False,False,False,False
333,114,3129075.0,1832135,BASAHAIZE,114,1832135,35-BASAHAIZE,2016-02-29,2020-09-21,BI BATERI ETA ANTENA BIDALTZEN DIZKIOT,,,2.0,False,False,False,False
548,115,3128998.0,1832136,KIRIKIXO,115,0,36-KIRIKIXO,2014-05-05,2020-11-13,KOBERTURIK EZ DU HARTZEN,,,0.0,False,False,False,False
558,115,3128998.0,1832136,KIRIKIXO,115,0,BULEGOA,2020-11-13,2020-11-16,,,,0.0,False,False,False,False
559,115,3128998.0,1832136,KIRIKIXO,115,0,ARRETA,2020-11-16,2021-01-19,,560218.0,013385_RMA,0.0,False,False,False,False
569,115,3128998.0,1832136,KIRIKIXO,115,0,BULEGOA,2021-01-19,2021-01-21,VEREDAZ BIDALTZEN ZAIO,0.0,,0.0,False,False,False,False
570,115,3128998.0,1832136,KIRIKIXO,115,0,36-KIRIKIXO,2021-01-21,2021-02-16,,0.0,,0.0,False,False,False,False
573,115,3128998.0,1832136,KIRIKIXO,115,0,BULEGOA,2021-02-16,2021-02-16,KONFIGURATU GABE DAGO,0.0,,0.0,False,False,False,False
574,115,3128998.0,1832136,KIRIKIXO,115,0,ARRETA,2021-02-16,2021-02-23,KONFIGURATZEKO,579069.0,,0.0,False,False,False,False
575,115,3128998.0,1832136,KIRIKIXO,115,0,BULEGOA,2021-02-23,2021-03-01,,0.0,,0.0,False,False,False,False
576,115,3128998.0,1832136,KIRIKIXO,115,0,36-KIRIKIXO,2021-03-01,2025-09-07,VEREDAZ BIDALTZEN ZAIO,0.0,,0.0,False,False,False,False
797,115,3128998.0,1832136,KIRIKIXO,115,0,BULEGOA,2025-12-19,2025-12-19,,0.0,,0.0,False,False,False,False
798,115,3128998.0,1832136,KIRIKIXO,115,0,ARRETA,2025-09-07,2025-12-19,KONPONTZERA,0.0,061374,0.0,False,False,False,False
809,115,3128998.0,1832136,KIRIKIXO,115,0,KIRIKIXO,2025-12-19,2026-07-28,,0.0,,0.0,False,False,False,False
881,115,3128998.0,1832136,KIRIKIXO,115,0,BULEGOA,2026-07-28,,IRRATIKO POLTSAN DAGO. KONPONTZEA EZ DU MEREZI,0.0,,0.0,False,False,False,False
115,115,3128998.0,1832136,KIRIKIXO,115,1832136,36-KIRIKIXO,2012-03-21,2013-01-04,,,,,False,False,False,False
202,115,3128998.0,1832136,KIRIKIXO,115,1832136,ARRETA,2013-01-04,2013-03-01,PTT SAKATZERAKOAN ASKOTAN ITZALI EGITEN ZAIO. NAHIZ ETA BATERIA ALDATU BERDIN GERTATZEN DA.,,,,False,False,False,False
203,115,3128998.0,1832136,KIRIKIXO,115,1832136,36-KIRIKIXO,2013-03-01,2013-03-27,BERDIN JARRAITZEN DU,,,,False,False,False,False
204,115,3128998.0,1832136,KIRIKIXO,115,1832136,ARRETA,2013-03-27,2013-05-29, FIRMWARE OSOA ALDATU DIOTE.,,,,False,False,False,False
205,115,3128998.0,1832136,KIRIKIXO,115,1832136,36-KIRIKIXO,2013-05-29,2013-07-22,BERDIN JARRAITZEN DU. ITZALI EGITEN DA,,,,False,False,False,False
210,115,3128998.0,1832136,KIRIKIXO,115,1832136,ARRETA,2013-08-02,2013-10-02,,61074.0,,,False,False,False,False
214,115,3128998.0,1832136,KIRIKIXO,115,1832136,36-KIRIKIXO,2013-10-02,2013-10-23,EZ DA SAREAN SARTZEN.,,,,False,False,False,False
219,115,3128998.0,1832136,KIRIKIXO,115,1832136,ARRETA,2013-10-23,2013-10-24,,74839.0,,,False,False,False,False
223,115,3128998.0,1832136,KIRIKIXO,115,1832136,36-KIRIKIXO,2013-10-24,2014-04-23,VEREDAZ BIDALTZEN DIOT.,,,0.0,False,False,False,False
254,115,3128998.0,1832136,KIRIKIXO,115,1832136,EMISORA,2014-04-23,2014-04-23,ES DABIL ONDO (ANTENA EKARRI DU) PIZTUTA ITXAROTEN GELDITZEN DA,,,0.0,False,False,False,False
255,115,3128998.0,1832136,KIRIKIXO,115,1832136,ARRETA,2014-04-24,2014-05-05,,108105.0,,0.0,False,False,False,False
792,116,3129117.0,1832140,PAGOA,116,0,BULEGOA,2025-11-05,2025-12-19,MATXURATURA. EZ DU ESTALDURARIK HARTZEN. ORDEZKOA EMAN ZAIO,0.0,RMA61440,0.0,False,False,False,False
810,116,3129117.0,1832140,PAGOA,116,0,PAGOA,2025-12-19,,BEREDAZ BIDALTZEN DIOT HERNANIKO ENB-RA,0.0,,0.0,False,False,False,False
116,116,3129117.0,1832140,PAGOA,116,1832140,40-PAGOA,2012-03-21,2017-05-19,JUBILATU,,,,False,False,False,False
399,116,3129117.0,1832140,PAGOA,116,1832140,BULEGOA,2017-05-19,2018-05-09,,,,0.0,False,False,False,False
426,116,3129117.0,1832140,PAGOA,116,1832140,48-PAGOA,2018-05-09,2025-11-05,,,,0.0,False,False,False,False
546,117,,1832141,AINGIRA,117,0,BULEGOA,2019-12-12,2020-02-29,,,,0.0,False,False,False,False
547,117,,1832141,AINGIRA,117,0,54-AINGIRA,2020-02-29,2022-01-17,,,,0.0,False,False,False,False
620,117,,1832141,AINGIRA,117,0,BULEGOA,2022-01-24,,,0.0,,0.0,False,False,False,False
117,117,,1832141,AINGIRA,117,1832141,41-AINGIRA,2012-03-21,2016-07-22,ITZALI EGITEN DA.,,,,False,False,False,False
349,117,,1832141,AINGIRA,117,1832141,BULEGOA,2016-07-22,2016-07-29,KONTAKTOAK KANPORA ATERA ETA FROGATZEKO BERRIRO BIDALTZEN DIOT.,,,0.0,False,False,False,False
350,117,,1832141,AINGIRA,117,1832141,41-AINGIRA,2016-07-29,2017-09-12,,,,0.0,False,False,False,False
354,117,,1832141,AINGIRA,117,1832141,ARRETA,2016-09-12,2016-11-22,ITZALI EGITEN DA (BATERIA ETA ANTENAREKIN DAGO),,,1.0,False,False,False,False
355,117,,1832141,AINGIRA,117,1832141,ARRETA,2016-09-12,2016-09-12,"
ARRETA Zka.: 275435 TELTRONIC: 009969_RMA",275435.0,,0.0,False,False,False,False
363,117,,1832141,AINGIRA,117,1832141,BULEGOA,2016-11-22,2017-11-23,KONPONDUTA (REPARAR AVERIA DE ENCENDIDO Y DE SEÑAL. SUSTITUCION DE CARCASA DELANTERA),,,1.0,False,False,False,False
365,117,,1832141,AINGIRA,117,1832141,41-AINGIRA,2017-11-23,2019-12-12,JASOTA (BATERIA ETA ANTENAREKIN),,,1.0,False,False,False,False
118,118,,1832142,URRITZA,118,1832142,42-URRITZA,2012-03-21,,,,,,False,False,False,False
544,119,3129101.0,1832143,INTXUSA,119,0,BULEGOA,2020-10-08,2020-10-28,,,,0.0,False,False,False,False
545,119,3129101.0,1832143,INTXUSA,119,0,19-INTXUSA,2020-10-28,2022-03-10,,,,0.0,False,False,False,False
638,119,3129101.0,1832143,INTXUSA,119,0,BULEGOA,2022-03-10,2022-03-11,KONPONKETAN EGON DA. BOLUMENAREN MANDOA EZ DABIL,0.0,,0.0,False,False,False,False
639,119,3129101.0,1832143,INTXUSA,119,0,INTXUSA,2022-03-10,,,0.0,,0.0,False,False,False,False
641,119,3129101.0,1832143,INTXUSA,119,0,INTXUSA,2022-03-11,,,0.0,,0.0,False,False,False,False
119,119,3129101.0,1832143,INTXUSA,119,1832143,43-INTXUSA,2012-03-21,2020-10-08,JUBILAZIOA,,,,False,False,False,False
553,120,31289190.0,1832144,POTTOKA,120,0,38-POTTOKA,2018-10-08,2022-01-21,??,,,0.0,False,False,False,False
622,120,31289190.0,1832144,POTTOKA,120,0,BULEGOA,2022-01-21,2022-01-27,ERREKA BATERA ERORI DA ETA KONPONTZEKO,0.0,,1.0,False,False,False,False
626,120,31289190.0,1832144,POTTOKA,120,0,ARRETA,2022-01-27,2022-03-10,,0.0,,0.0,False,False,False,False
637,120,31289190.0,1832144,POTTOKA,120,0,BULEGOA,2022-03-10,2022-03-11,,0.0,,0.0,False,False,False,False
640,120,31289190.0,1832144,POTTOKA,120,0,POTTOKA,2022-03-11,2023-10-24,BEREDAZ BIDALTZEN DA,0.0,,0.0,False,False,False,False
696,120,31289190.0,1832144,POTTOKA,120,0,ERANDIO,2023-10-25,2024-01-19,,677513.0,015013,0.0,False,False,False,False
697,120,31289190.0,1832144,POTTOKA,120,0,BULEGOA,2024-01-19,2024-01-19,,0.0,,0.0,False,False,False,False
698,120,31289190.0,1832144,POTTOKA,120,0,POTTOKA,2024-01-19,,VEREDAZ BIDALI ZAIO,0.0,,0.0,False,False,False,False
120,120,31289190.0,1832144,POTTOKA,120,1832144,44-POTTOKA,2012-03-10,2012-09-03,,,,,False,False,False,False
195,120,31289190.0,1832144,POTTOKA,120,1832144,ARRETA,2012-09-03,2012-12-20,"BLOKEATUTA. PANTAILAN ""CARGA COMPLETA"".",,,,False,False,False,False
196,120,31289190.0,1832144,POTTOKA,120,1832144,44-POTTOKA,2012-12-20,2019-06-13,JUBILATU EGITEN DA,,,,False,False,False,False
121,121,,1832145,BELATZ - BAJA,121,1832145,45-BELATZ,2012-03-21,2015-12-12,IZARRAITZEN AMILDEGI BATETIK ERORI ZAIO. ERANDIORA PARTE EMATEN DUT BAJA EMATEKO.,,,,False,False,False,False
418,121,,1832145,BELATZ - BAJA,121,1832145,BAJA,2018-12-12,2018-12-12,,,,0.0,False,False,False,False
554,122,,1832150,URKI,122,0,26-URKI,2014-05-02,,???,,,0.0,False,False,False,False
122,122,,1832150,URKI,122,1832150,50-URKI,2012-03-21,2013-04-01,JUBILATU,,,,False,False,False,False
123,123,,1832151,TXEPETXA,123,1832151,51-TXEPETXA,2012-03-21,,,,,,False,False,False,False
619,124,,1832152,EZPELA,124,0,BULEGOA,2021-11-16,,JUBILATZEN DELAKO HEMEN GELDITZEN DA,0.0,,0.0,False,False,False,False
124,124,,1832152,EZPELA,124,1832152,52-EZPELA,2012-03-21,2021-11-16,,,,,False,False,False,False
526,125,31289060.0,1832153,BASATI,125,0,ARRETA,2020-03-04,2020-08-14,PANTAILA EZ DA PIZTEN,425387.0,012962_RMA,0.0,False,False,False,False
527,125,31289060.0,1832153,BASATI,125,0,BULEGOA,2020-08-14,2020-09-16,,,,0.0,False,False,False,False
536,125,31289060.0,1832153,BASATI,125,0,53-BASATI,2020-09-16,2022-06-20,,,,0.0,False,False,False,False
651,125,31289060.0,1832153,BASATI,125,0,BULEGOA,2022-06-20,2022-06-23,PANTAILA EZ DA PIZTEN,0.0,,0.0,False,False,False,False
652,125,31289060.0,1832153,BASATI,125,0,ARRETA,2022-06-23,2022-09-05,,686672.0,014320_RMA,0.0,False,False,False,False
654,125,31289060.0,1832153,BASATI,125,0,BASATI,2022-09-13,,BEREDAZ BIDALI DA HERNANIKO OCARA,0.0,,0.0,False,False,False,False
125,125,31289060.0,1832153,BASATI,125,1832153,53-BASATI,2012-03-21,2013-01-10,,,,,False,False,False,False
191,125,31289060.0,1832153,BASATI,125,1832153,ARRETA,2013-01-10,2013-10-02,EZ DA PIZTEN,,,,False,False,False,False
213,125,31289060.0,1832153,BASATI,125,1832153,53-BASATI,2013-10-02,2013-10-07,EZIN DU SAREAN SARTU,,,,False,False,False,False
215,125,31289060.0,1832153,BASATI,125,1832153,ARRETA,2013-10-07,2013-10-21,,71608.0,,,False,False,False,False
216,125,31289060.0,1832153,BASATI,125,1832153,53-BASATI,2013-10-21,2020-02-20,VEREDAZ BIDALTZEN DIOT.,,,,False,False,False,False
524,125,31289060.0,1832153,BASATI,125,0,BULEGOA,2020-02-20,2020-03-04,PANTAILA EZ DA PIZTEN,425387.0,012962_RMA,0.0,False,False,False,False
532,126,,1832160,HALTZA,126,0,BULEGOA,2020-06-01,2020-09-01,,,,0.0,False,False,False,False
533,126,,1832160,HALTZA,126,0,17-HALTZA,2020-09-01,2026-06-04,JUBILAZIOA,,,2.0,True,True,True,True
845,126,,1832160,HALTZA,126,0,BULEGOA,2026-06-04,,ORDEZKO BEZALA GORDEKO DUGU,0.0,,0.0,False,False,False,False
126,126,,1832160,HALTZA,126,1832160,60-HALTZA,2012-03-21,2020-06-01,JUBILATUTA,,,2.0,False,False,True,False
555,127,,1832161,GOROSTI,127,0,93-GOROSTI,2018-10-15,2024-09-16,ZONAREN ALDAKETAGATIK,,,0.0,False,False,False,False
722,127,,1832161,GOROSTI,127,0,46-GOROSTI,2024-09-16,2026-06-04,,0.0,,0.0,False,False,False,False
852,127,,1832161,GOROSTI,127,0,BULEGOA,2026-06-04,,ORDEZKO MODUAN. DESAKTIBATZEKO. BERRIA EMAN ZAIO.,0.0,,0.0,False,False,False,False
127,127,,1832161,GOROSTI,127,1832161,61-GOROSTI,2012-03-21,2018-03-15,JUBILATU,,,,False,False,False,False
709,128,,1832162,HONTZA,128,0,59-HONTZA,2022-05-23,2024-05-13,,0.0,,0.0,False,False,False,False
710,128,,1832162,HONTZA,128,0,103-HONTZA,2024-05-13,2024-09-16,KONTRATUA AMAITZEAGATIK,0.0,,0.0,False,False,False,False
723,128,,1832162,HONTZA,128,0,93-HONTZA,2024-09-16,2026-06-04,,0.0,,0.0,False,False,False,False
851,128,,1832162,HONTZA,128,0,BULEGOA,2026-06-04,,TXATARRARA. APURTUTA DAGO. DESAKTIBATZEKO.,0.0,,0.0,False,False,False,False
128,128,,1832162,HONTZA,128,1832162,62-HONTZA,2012-03-21,2022-05-23,,,,,False,False,False,False
858,129,3128942.0,1832164,HARITZ,129,0,128-HARTZA,2026-06-09,,,0.0,,0.0,False,False,False,False
129,129,3128942.0,1832164,HARITZ,129,1832164,64-HARITZ,2012-03-21,2015-06-25,ANTXETA: BOLUMENA MATXURATUTA ETA ITZALI EGITEN DA.,,,,False,False,False,False
279,129,3128942.0,1832164,HARITZ,129,1832164,ARRETA,2015-06-25,2015-07-13,,183505.0,,0.0,False,False,False,False
281,129,3128942.0,1832164,HARITZ,129,1832164,BULEGOA,2015-07-13,2015-09-13,ANTXETARI BEREDAZ BIDALTZEN DIOT.,,,0.0,False,False,False,False
288,129,3128942.0,1832164,HARITZ,129,1832164,BULEGOA,2015-09-13,2015-09-17,,,,0.0,False,False,False,False
289,129,3128942.0,1832164,HARITZ,129,1832164,66-ANTXETA,2015-09-17,2015-11-25,KOBERTURIK GABE GELDITZEN DA. BOLUMENA EZ DABIL,,,0.0,False,False,False,False
297,129,3128942.0,1832164,HARITZ,129,1832164,ARRETA,2015-11-26,2015-12-16,,211770.0,009171_RMA,0.0,False,False,False,False
303,129,3128942.0,1832164,HARITZ,129,1832164,66-ANTXETA,2015-12-16,2016-12-09,KONPONDUTA OCARA BIDALTZEN DIOT.,,,0.0,False,False,False,False
370,129,3128942.0,1832164,HARITZ,129,1832164,BULEGOA,2016-12-09,2016-12-21,KOBERTURIK GABE GELDITZEN DA.,255555.0,010253_RMA,0.0,False,False,False,False
377,129,3128942.0,1832164,HARITZ,129,1832164,ARRETA,2016-12-21,2017-02-17,,,,0.0,False,False,False,False
464,129,3128942.0,1832164,HARITZ,129,1832164,66-ANTXETA,2017-02-17,2019-05-09,,,,0.0,False,False,False,False
484,129,3128942.0,1832164,HARITZ,129,1832164,BULEGOA,2019-05-09,2019-06-05,MICROFONOA EZ DABIL,,,0.0,False,False,False,False
507,129,3128942.0,1832164,HARITZ,129,1832164,ARRETA,2019-06-05,2019-09-02,,388297.0,012402_RMA,0.0,False,False,False,False
516,129,3128942.0,1832164,HARITZ,129,1832164,BULEGOA,2019-09-02,2026-06-09,,,,0.0,False,False,False,False
580,130,3128914.0,1832165,TXOKA,130,0,55-TXOKA,2021-03-29,,OLATZEN EREMU ALDAKETA,0.0,,0.0,False,False,False,False
130,130,3128914.0,1832165,TXOKA,130,1832165,65-OLATZ,2012-03-21,2018-11-15,,,,,False,False,False,False
428,130,3128914.0,1832165,TXOKA,130,1832165,ARRETA,2018-11-16,2019-05-20,,361136.0,011955_RMA,0.0,False,False,False,False
487,130,3128914.0,1832165,TXOKA,130,1832165,65-OLATZ,2019-05-20,2021-03-29,VEREDAZ BIDALTZEN ZAIO,,,0.0,False,False,False,False
719,131,,1832167,TXINGURRI,131,0,ESLEITU GABE,2024-09-16,,,0.0,,0.0,False,False,False,False
131,131,,1832167,TXINGURRI,131,1832167,67-TXINGURRI,2012-03-21,2024-09-16,ZONAREN ALDAKETA,,,,False,False,False,False
656,132,,1832168,AMILOTX,132,0,BULEGOA,2022-10-17,2022-10-18,PANTAILA EZ DA IKUSTEN ETA PTT APURTUTA DAGO,593647.0,014485,0.0,False,False,False,False
657,132,,1832168,AMILOTX,132,0,ARRETA,2022-10-18,,PANTAILA EZ DA IKUSTEN ETA PTT APURTUTA DAGO,593647.0,014485,0.0,False,False,False,False
667,132,,1832168,AMILOTX,132,0,ARRETA,2022-12-16,2023-02-09,BERBIDALIA,0.0,,0.0,False,False,False,False
671,132,,1832168,AMILOTX,132,0,BULEGOA,2023-02-09,2023-02-10,,0.0,,0.0,False,False,False,False
674,132,,1832168,AMILOTX,132,0,AMILOTX,2023-02-10,2026-06-04,BEREDAZ ARRANO BIDALTZEN ZAIO,0.0,,0.0,False,False,False,False
854,132,,1832168,AMILOTX,132,0,BULEGOA,2026-06-04,2026-06-08,ORDEZKO MODUAN. BERRIA EMAN ZAIO.,0.0,,0.0,False,False,False,False
856,132,,1832168,AMILOTX,132,0,129-ARRANO,2026-06-08,2026-06-23,DESAKTIBATZEKO,0.0,,0.0,False,False,False,False
859,132,,1832168,AMILOTX,132,0,,,,,0.0,,0.0,False,False,False,False
132,132,,1832168,AMILOTX,132,1832168,68-AMILOTX,2012-03-21,,,,,,False,False,False,False
820,133,3128050.0,1832171,HAGINA,133,0,25-HAGINA,2026-01-19,2026-02-21,MATXURATUTA,0.0,,0.0,False,False,False,False
830,133,3128050.0,1832171,HAGINA,133,0,BULEGOA,2026-02-23,2026-09-11,KONPONDUTA,0.0,,0.0,False,False,False,False
887,133,3128050.0,1832171,HAGINA,133,0,BULEGOA,2026-09-14,,HAGINARI BIDALITA. BERAK BASOZAINORDE JARTZEN DUENA BUELTATUKO DU.,0.0,,0.0,False,False,False,False
133,133,3128050.0,1832171,HAGINA,133,1832171,71-HAGINA,2012-03-21,2026-01-21,Iker Luarizen zona aldaketa,,,,False,False,False,False
134,134,,1832172,HARTZA,134,1832172,72-HARTZA,2012-03-21,2026-06-04,IZORRATUTA. JUBILAZIOA. DESAKTIBATZEKO.,,,,False,False,False,False
135,135,,1832173,OILAGORRA,135,1832173,73-OILAGORRA,2012-03-21,,,,,,False,False,False,False
662,136,3128961.0,1832175,KORMORAN,136,0,BULEGOA,2022-10-29,2022-11-03,"MATXURATUTA, EZ DA SARERA KONEKTATZEN",0.0,,0.0,False,False,False,False
663,136,3128961.0,1832175,KORMORAN,136,0,ARRETA,2022-11-03,2023-02-09,,0.0,,0.0,False,False,False,False
672,136,3128961.0,1832175,KORMORAN,136,0,BULEGOA,2023-02-09,2023-02-10,,0.0,,0.0,False,False,False,False
675,136,3128961.0,1832175,KORMORAN,136,0,KORMORAN,2023-02-10,2025-06-24,,0.0,,0.0,False,False,False,False
759,136,3128961.0,1832175,KORMORAN,136,0,ARRETA,2025-06-24,2025-12-19,,778116.0,060865,0.0,False,False,False,False
807,136,3128961.0,1832175,KORMORAN,136,0,BULEGOA,2025-12-19,2025-12-19,,0.0,,0.0,False,False,False,False
808,136,3128961.0,1832175,KORMORAN,136,0,KORMORAN,2025-12-19,,BEREDAZ ZARAUTZKO ENB-RA BIDALTZEN DIOT,0.0,,0.0,False,False,False,False
136,136,3128961.0,1832175,KORMORAN,136,1832175,75-KORMORAN,2012-03-21,2013-01-04,,,,,False,False,False,False
192,136,3128961.0,1832175,KORMORAN,136,1832175,ARRETA,2012-09-18,2012-12-20,ANTENAREN ROSKA PUSKATUTA,,,,False,False,False,False
199,136,3128961.0,1832175,KORMORAN,136,1832175,75-KORMORAN,2012-12-20,2013-01-04,,,,,False,False,False,False
200,136,3128961.0,1832175,KORMORAN,136,1832175,ARRETA,2013-01-04,2013-06-19,EZ DU SARERIK HARTZEN. ORDEZKATU EGIN DUTE,,,,False,False,False,False
207,136,3128961.0,1832175,KORMORAN,136,1832175,75-KORMORAN,2013-06-19,2014-12-27,ZARAUZKO OCARA BIDALTZEN DIOT.,,,,False,False,False,False
208,136,3128961.0,1832175,KORMORAN,136,1832175,75-KORMORAN,2014-01-03,2022-10-29,VEREDAZ ZARAUZKO OCARA BIDALTZEN DIOT,,,,False,False,False,False
245,136,3128961.0,1832175,KORMORAN,136,1832175,BULEGOA,2013-12-27,2014-01-03,"ANTENAREKIN ARAZOAK IZAN DITUELA DIO. FROGAK EGIN ONDOREN, ONDO DABIL",,,0.0,False,False,False,False
578,137,31289270.0,1832176,RESERVA8,137,0,ARRETA,2021-03-02,,REPROGRAMATZERA,582341.0,,0.0,False,False,False,False
137,137,31289270.0,1832176,RESERVA8,137,1832176,76-KATAMOTZA,2012-03-21,2018-09-18,,,,,False,False,False,False
409,137,31289270.0,1832176,RESERVA8,137,1832176,BAJA,2018-09-18,2018-09-18,GALDU EGIN DU,,,0.0,False,False,False,False
628,138,127031289410.0,1832177,IGELA,138,0,BULEGOA,2022-02-09,2022-02-14,PANTAILA EZ DA PÌZTEN,0.0,,0.0,False,False,False,False
630,138,127031289410.0,1832177,IGELA,138,0,ARRETA,2022-02-14,2022-06-01,,551709.0,,0.0,False,False,False,False
646,138,127031289410.0,1832177,IGELA,138,0,BULEGOA,2022-06-01,2022-09-13,IGELARI ITZULTZEKE,0.0,,0.0,False,False,False,False
655,138,127031289410.0,1832177,IGELA,138,0,IGELA,2022-09-13,2023-05-31,,0.0,,0.0,False,False,False,False
685,138,127031289410.0,1832177,IGELA,138,0,BULEGOA,2023-05-31,,EZ DU ESTALDURARIK HARTZEN KOLPE BAT DELA ETA,642794.0,rma 014830,0.0,False,False,False,False
691,138,127031289410.0,1832177,IGELA,138,0,BULEGOA,2023-09-19,2023-09-21,,0.0,,0.0,False,False,False,False
693,138,127031289410.0,1832177,IGELA,138,0,IGELA,2023-09-21,,IGELARI BEREDAZ BIDALTZEN ZAIO,0.0,,0.0,False,False,False,False
138,138,127031289410.0,1832177,IGELA,138,1832177,77-IGELA,2012-03-21,2015-02-03,,,,,False,False,False,False
272,138,127031289410.0,1832177,IGELA,138,1832177,BULEGOA,2015-02-03,2015-02-03,"APURTUTA DAGO ANTENAREN BASEA, ANTENA ERE EKARRI DU, 1832811 ORDEZKO UTZI ZAIO",,,0.0,False,False,False,False
274,138,127031289410.0,1832177,IGELA,138,1832177,ARRETA,2015-02-03,2015-02-12,,154311.0,,0.0,False,False,False,False
275,138,127031289410.0,1832177,IGELA,138,1832177,BULEGOA,2015-02-11,2015-02-12,"KONPONDUTA, TALKIA ALDATU EGIN DUTE",,,0.0,False,False,False,False
276,138,127031289410.0,1832177,IGELA,138,1832177,77-IGELA,2015-02-12,2018-09-21,BILATZEN GELDITZEN DA,,,0.0,False,False,False,False
410,138,127031289410.0,1832177,IGELA,138,1832177,BULEGOA,2018-09-21,2018-10-01,,,,0.0,False,False,False,False
413,138,127031289410.0,1832177,IGELA,138,1832177,ARRETA,2018-10-01,2019-01-04,,353675.0,,0.0,False,False,False,False
430,138,127031289410.0,1832177,IGELA,138,1832177,BULEGOA,2019-01-04,2019-01-08,IGELARI BUELTATZEN ZAIO,,,0.0,False,False,False,False
434,138,127031289410.0,1832177,IGELA,138,1832177,77-IGELA,2019-01-08,2022-02-09,,,,0.0,False,False,False,False
139,139,,1832178,TRIKU GALDUTA,139,1832178,78-TRIKU,2012-03-21,2018-09-10,,,,,False,False,False,False
416,139,,1832178,TRIKU GALDUTA,139,1832178,78-TRIKU,2018-09-10,2018-10-10,URETARA ERORI ZAIO ETA KOTXEREN BATEAN UTZI BAINAN EZ DU AURKITZEN,,,0.0,False,False,False,False
417,139,,1832178,TRIKU GALDUTA,139,1832178,BAJA,2018-10-10,2018-10-10,ID BERRIA EMAN DIOTE ORAINGOA 1832829,,,0.0,False,False,False,False
843,140,,1832180,OTSOA,140,0,BULEGOA,2026-06-04,,,0.0,,0.0,False,False,False,False
140,140,,1832180,OTSOA,140,1832180,80-OTSOA,2012-03-21,2015-08-31,,,,,False,False,False,False
284,140,,1832180,OTSOA,140,1832180,BULEGOA,2015-08-31,2015-09-02,MATXURA. BUSCANDO GELDITZEN DA,,,0.0,False,False,False,False
285,140,,1832180,OTSOA,140,1832180,ARRETA,2015-09-02,2015-09-22,,167946.0,,0.0,False,False,False,False
291,140,,1832180,OTSOA,140,1832180,MOVITEL 2000,2015-09-22,2015-11-10,MATXURA PANTAILA HITZALITA DAGO,,,0.0,False,False,False,False
292,140,,1832180,OTSOA,140,1832180,ARRETA,2015-11-10,2015-12-18,PROGRAMATZERA,179830.0,,0.0,False,False,False,False
306,140,,1832180,OTSOA,140,1832180,TECNICO GUARDIA 2,2015-12-28,2016-01-07,BIXENTE,,,3.0,True,True,True,False
307,140,,1832180,OTSOA,140,1832180,BULEGOA,2015-12-18,2015-12-28,,,,0.0,False,False,False,False
317,140,,1832180,OTSOA,140,1832180,80-OTSOA,2016-01-07,2026-06-04,JUBILAZIOA 2026/05/31,,,0.0,False,False,False,False
707,141,,1832181,UGATZ,141,0,83-UGATZ,2022-09-29,2024-05-13,Julen Vilalta,0.0,,0.0,False,False,False,False
708,141,,1832181,UGATZ,141,0,59-UGATZ,2024-05-13,2024-09-05,UGATZ: MATXURATU ZAIO. ERRESERBA1 ORDEZKOA BIDALTZEN DIOT,0.0,,0.0,False,False,False,False
716,141,,1832181,UGATZ,141,0,ARRETA,2024-09-09,2024-11-21,KONPONTZERA BIDALTZEN DA,7372310.0,015422,0.0,False,False,False,False
729,141,,1832181,UGATZ,141,0,BULEGOA,2024-11-21,2024-11-21,VEREDAZ BIDLTZEN DA ORDIZIKO E.N.B. RA,0.0,,0.0,False,False,False,False
730,141,,1832181,UGATZ,141,0,UGATZ,2024-11-22,,,0.0,,0.0,False,False,False,False
141,141,,1832181,UGATZ,141,1832181,81-UGATZ,2012-03-21,2022-09-29,Javier Vazquez,,,,False,False,False,False
699,142,,1832182,SAIA,142,0,102-SAIA,2024-02-28,,,0.0,,0.0,False,False,False,False
142,142,,1832182,SAIA,142,1832182,82-SAIA,2012-03-21,,,,,,False,False,False,False
786,143,3128923.0,1832184,AMORRAI,143,0,112-AMORRAI,2025-09-01,2025-10-22,,0.0,,0.0,False,False,False,False
787,143,3128923.0,1832184,AMORRAI,143,0,BULEGOAN,2025-10-22,2025-10-27,PTT BOTOIAREN ESTALDURA AUTSITA,0.0,,0.0,False,False,False,False
788,143,3128923.0,1832184,AMORRAI,143,0,EUSKO JAURLARITZA,2025-10-27,2026-01-14,,796862.0,061388,0.0,False,False,False,False
819,143,3128923.0,1832184,AMORRAI,143,0,BULEGOA,2026-01-14,2026-01-23,,0.0,,0.0,False,False,False,False
822,143,3128923.0,1832184,AMORRAI,143,0,AMORRAI,2026-01-23,,BEREDAZ BIDALI ZAIO ORDIZIARA,0.0,,0.0,False,False,False,False
143,143,3128923.0,1832184,AMORRAI,143,1832184,84-AMUARRAIN,2012-03-21,2025-09-01,,,1832184,,False,False,False,False
704,144,3129100.0,1832185,AZARI,144,0,BULEGOA,2024-04-22,2024-04-24,KONPONTZEKO ZAIN,0.0,,0.0,False,False,False,False
706,144,3129100.0,1832185,AZARI,144,0,ERANDIO,2024-04-24,,Alboetako sakagailuak degradatuak,841579.0,015233,0.0,False,False,False,False
713,144,3129100.0,1832185,AZARI,144,0,BULEGOA,2024-08-09,2024-08-12,Beredaz Hernaniko ENBra bidaltzen diot,0.0,,0.0,False,False,False,False
144,144,3129100.0,1832185,AZARI,144,1832185,85-AZARI,2012-03-21,2024-04-22,Alboetako sakagailu degradatuak,,,,False,False,False,False
720,145,,1832186,ESTURION,145,0,104-ESTURION,2024-09-19,2024-11-29,BEÑAT BILBAO BASOZAIN BERRIA,0.0,,0.0,False,False,False,False
732,145,,1832186,ESTURION,145,0,BULEGOAN,2024-11-29,2024-12-03,KONPONTZEKO BIDALI DU. ESTALDURA GALTZEN DU,0.0,,0.0,False,False,False,False
733,145,,1832186,ESTURION,145,0,ARRETA,2024-12-03,2025-07-17,JAVIER SANCHEZI EMATEN DIOT ERANDION (KULIXKA),744531.0,RMA-015515,0.0,False,False,False,False
766,145,,1832186,ESTURION,145,0,ESTURION,2025-07-17,,HERNANIKO ENB-RA BIDALTZEN DIOT,0.0,,0.0,False,False,False,False
145,145,,1832186,ESTURION,145,1832186,86-ESTURION,2012-03-21,2012-09-13,,,,,False,False,False,False
197,145,,1832186,ESTURION,145,1832186,ARRETA,2012-09-13,2012-12-20,KOBERTURIK GABE,,,,False,False,False,False
198,145,,1832186,ESTURION,145,1832186,86-ESTURION,2012-12-20,2024-09-19,JUBILAZIOA,,,,False,False,False,False
146,146,,1832188,KUKUA,146,1832188,88-KUKUA,2012-03-21,2017-09-13,,,,,False,False,False,False
389,146,,1832188,KUKUA,146,1832188,BULEGOA,2017-09-13,2017-09-15,"Ez da pizten, honekin batera hiru bateri bidali ditu kukuak baina bat bakirrik funzionatzen du.",,,1.0,False,False,False,False
390,146,,1832188,KUKUA,146,1832188,ARRETA,2017-09-15,2017-11-03,,347396.0,010917_RMA,0.0,False,False,False,False
397,146,,1832188,KUKUA,146,1832188,88-KUKUA,2017-11-03,,VEREDAZ BIDALTZEN DIOT,,,0.0,False,False,False,False
844,147,,1832190,MARIGORRINGO,147,0,BULEGOA,2026-06-04,,,0.0,,0.0,False,False,False,False
147,147,,1832190,MARIGORRINGO,147,1832190,90-MARIGORRINGO,2012-03-21,2013-10-21,EZ DA PIZTEN,,,,False,False,False,False
217,147,,1832190,MARIGORRINGO,147,1832190,ARRETA,2013-10-21,2013-11-05,,74365.0,,,False,False,False,False
234,147,,1832190,MARIGORRINGO,147,1832190,BULEGOA,2013-11-05,2013-11-11,,,,0.0,False,False,False,False
240,147,,1832190,MARIGORRINGO,147,1832190,66-ANTXETA,2013-11-11,2013-12-04,INESTABLE DABIL- GOGORRA ETA SARETIK BOTA EGITEN DIO,,,0.0,False,False,False,False
241,147,,1832190,MARIGORRINGO,147,1832190,ARRETA,2013-12-04,2013-12-30,,81850.0,,0.0,False,False,False,False
243,147,,1832190,MARIGORRINGO,147,1832190,BULEGOA,2013-12-30,2014-01-03,VEREDAZ BIDALTZEN DUT.,,,0.0,False,False,False,False
244,147,,1832190,MARIGORRINGO,147,1832190,66-ANTXETA,2014-01-03,2017-10-22,,,,0.0,False,False,False,False
465,147,,1832190,MARIGORRINGO,147,1832190,90-MARIGORRINGO,2017-10-22,2026-06-04,"ORDEZKOA EMAN ZAIO, BERRIA, 1. SEKZIO OSOARI",,,0.0,False,False,False,False
631,148,31289110.0,1832211,ERBIA,148,0,NEGUTA,2022-02-16,2022-03-10,NEGUTARENA KONPONTZEN DUTEN BITARTEAN,0.0,,0.0,False,False,False,False
642,148,31289110.0,1832211,ERBIA,148,0,BULEGOA,2022-03-10,2025-03-06,HARKAITZ ERRETENARENA KONPONTZEN DUTEN BITARTEAN,0.0,,0.0,False,False,False,False
794,148,31289110.0,1832211,ERBIA,148,0,HARKAITZ,2025-03-06,2025-07-17,Josu Odriozolak bulegora ekarri du,0.0,,0.0,False,False,False,False
795,148,31289110.0,1832211,ERBIA,148,0,BULEGOA,2025-11-17,2025-11-18,,0.0,,0.0,False,False,False,False
796,148,31289110.0,1832211,ERBIA,148,0,URASKA 6 (BERDABIO),2025-11-18,2026-02-03," ORDEZKOTZAT BIDALITA, HERNANIKO E.N.B., BULEGOAN JASOTA.",0.0,,0.0,False,False,False,False
825,148,31289110.0,1832211,ERBIA,148,0,MIREN OIANGUREN,2026-02-20,2026-02-23,OIARTZUNGO BASO-SUTE ITZALKETA PRAKTIKARAKO UTZIA,0.0,,0.0,False,False,False,False
829,148,31289110.0,1832211,ERBIA,148,0,BULEGOA,2026-02-23,2026-04-16,,0.0,,0.0,False,False,False,False
836,148,31289110.0,1832211,ERBIA,148,0,MIREN OIANGUREN,2026-04-16,2026-04-21,LEINTZ-GATZAGAKO BASO-SUTE ITZALKETA PRAKTIKARAKO UTZIA,0.0,,0.0,False,False,False,False
838,148,31289110.0,1832211,ERBIA,148,0,BULEGOA,2026-04-23,2026-05-26,,0.0,,0.0,False,False,False,False
839,148,31289110.0,1832211,ERBIA,148,0,TALAIA,2026-05-26,,"TALAIA ERRETEN BURUARI, OSWALDO TORRES, EMAN DIOT",0.0,,0.0,False,False,False,False
148,148,31289110.0,1832211,ERBIA,148,1832211,ERBIA,2012-03-21,2021-02-23,,,,,False,False,False,False
149,149,,1832212,KIA,149,1832212,KIA,2012-03-21,,,,,,False,False,False,False
834,150,,1832213,LANPERNA,150,0,BULEGOA,2025-03-25,2026-03-25,EZ DA PANTAILAKO EDUKIA AGERTZEN,0.0,,0.0,False,False,False,False
874,150,,1832213,LANPERNA,150,0,ARRETA,2026-03-25,2026-07-03,,0.0,062050,0.0,False,False,False,False
875,150,,1832213,LANPERNA,150,0,BULEGOA,2026-07-03,2026-07-27,,0.0,,0.0,False,False,False,False
879,150,,1832213,LANPERNA,150,0,LANPERNA,2026-07-27,,BEREDAZ BIDALIA HERNANIKO ENB-RA,0.0,,0.0,False,False,False,False
150,150,,1832213,LANPERNA,150,1832213,LANPERNA,2012-03-21,2014-10-30,,,,,False,False,False,False
263,150,,1832213,LANPERNA,150,1832213,BULEGOA,2014-10-30,2014-10-30,PANTAILA EZ DA PIZTEN,,,0.0,False,False,False,False
264,150,,1832213,LANPERNA,150,1832213,ARRETA,2014-10-30,2014-11-07,,119130.0,,0.0,False,False,False,False
265,150,,1832213,LANPERNA,150,1832213,LANPERNA,2014-11-07,2026-03-25,,,,0.0,False,False,False,False
537,151,3129086.0,1832214,SUSTRAI,151,0,ARRETA,2020-09-16,2020-12-04,,546112.0,013253_RMA,0.0,False,False,False,False
562,151,3129086.0,1832214,SUSTRAI,151,0,BULEGOA,2020-12-04,2020-12-07,,0.0,RP051384,0.0,False,False,False,False
563,151,3129086.0,1832214,SUSTRAI,151,0,SUSTRAI,2020-12-07,,HAGINARI VEREDAZ BIDALTZEN ZAIO,0.0,,0.0,False,False,False,False
742,151,3129086.0,1832214,SUSTRAI,151,0,ARRETA,2025-04-02,,KONPONTZERA. MIKROA EZ DABIL,0.0,RMA060941,0.0,False,False,False,False
767,151,3129086.0,1832214,SUSTRAI,151,0,,,,,0.0,,0.0,False,False,False,False
780,151,3129086.0,1832214,SUSTRAI,151,0,SUSTRAI,2025-08-12,,,0.0,,0.0,False,False,False,False
151,151,3129086.0,1832214,SUSTRAI,151,1832214,SUSTRAI,2012-03-21,2020-09-11,PANTALLA EZ DE IKUSTEN,,,,False,False,False,False
737,152,31290700.0,1832221,BELEA,152,0,BULEGOA,2025-03-07,2025-03-12,KONPOTZERA ERAMATEKO ZAIN,0.0,,0.0,False,False,False,False
745,152,31290700.0,1832221,BELEA,152,0,ARRETA,2025-03-12,2025-07-17,KONPONDUTA,0.0,RMA060363,0.0,False,False,False,False
765,152,31290700.0,1832221,BELEA,152,0,BELEA,2025-07-17,,,0.0,,0.0,False,False,False,False
152,152,31290700.0,1832221,BELEA,152,1832221,BELEA,2012-03-21,2025-03-07,Ez da pizten,,,,False,False,False,False
746,153,3128956.0,1832222,HARKAITZ,153,0,BULEGOA,2025-03-06,2025-03-12,MATXURATUTA,0.0,,0.0,False,False,False,False
747,153,3128956.0,1832222,HARKAITZ,153,0,ARRETA,2025-03-12,2025-07-17,KONPONDUTA,0.0,RMA060362,0.0,False,False,False,False
763,153,3128956.0,1832222,HARKAITZ,153,0,BULEGOA,2025-07-17,,,0.0,,0.0,False,False,False,False
153,153,3128956.0,1832222,HARKAITZ,153,1832222,HARKAITZ,2012-03-21,2025-03-06,,,,,False,False,False,False
583,154,31290910.0,1832223,ZUHAITZ,154,0,ZUHAITZ,2021-04-12,,VEREDAZ LOINARI BIDALTZEN ZAIO,0.0,,0.0,False,False,False,False
734,154,31290910.0,1832223,ZUHAITZ,154,0,BULEGOA,2025-02-21,2025-07-17,PANTAILA EZ DA PIZTEN. 05/11/25EAN JASO DU,0.0,,0.0,False,False,False,False
768,154,31290910.0,1832223,ZUHAITZ,154,0,ZUHAITZ,2025-11-05,,,0.0,,0.0,False,False,False,False
154,154,31290910.0,1832223,ZUHAITZ,154,1832223,ZUHAITZ,2012-03-21,2021-03-26,KARKASA DENA PUZKATUTA DU,,,,False,False,False,False
837,155,,1832231,ARNO,155,0,,,,,0.0,,0.0,False,False,False,False
155,155,,1832231,ARNO,155,1832231,ARNO,2012-03-21,,,,,,False,False,False,False
867,156,,1832232,EPERRA,156,0,BULEGOA,2026-07-06,,MATXURATUTA. BAJA EMANGO ZAIO,0.0,,0.0,False,False,False,False
156,156,,1832232,EPERRA,156,1832232,EPERRA,2012-03-21,2015-12-02,PANTAILA EZ DA ONGI IKUSTEN,,,,False,False,False,False
299,156,,1832232,EPERRA,156,1832232,ARRETA,2015-12-02,2016-01-12,,213031.0,009191_RMA,0.0,False,False,False,False
323,156,,1832232,EPERRA,156,1832232,BULEGOA,2016-01-12,2016-01-14,,,,0.0,False,False,False,False
325,156,,1832232,EPERRA,156,1832232,EPERRA,2016-01-14,2019-03-06,,,,0.0,False,False,False,False
444,156,,1832232,EPERRA,156,1832232,BULEGOA,2019-03-06,2019-03-13,NO SE ESCUCHA,,,0.0,False,False,False,False
445,156,,1832232,EPERRA,156,1832232,ARRETA,2019-03-13,2019-05-20,,377418.0,012196_RMA,0.0,False,False,False,False
486,156,,1832232,EPERRA,156,1832232,EPERRA,2019-05-20,,VEREDAZ BIDALTZEN ZAIO,,,0.0,False,False,False,False
577,157,3128989.0,1832233,ERROIA,157,0,SUSTRAI,2020-09-11,2021-02-23,,0.0,,0.0,False,False,False,False
582,157,3128989.0,1832233,ERROIA,157,0,ZUHAITZ,2021-03-24,2021-06-25,BEREA BULEGORA BIDALTZEN DU AZTERTZEKO,0.0,,1.0,True,True,False,False
606,157,3128989.0,1832233,ERROIA,157,0,BULEGOA,2021-06-25,2025-11-03,,0.0,,0.0,False,False,False,False
793,157,3128989.0,1832233,ERROIA,157,0,PAGOA,2025-11-03,2026-03-12,BEREA BULEGOAN KONPONTZERA BIDALTZEKO,0.0,,0.0,False,False,False,False
831,157,3128989.0,1832233,ERROIA,157,0,ERROIA,2026-03-12,,JON G-K EMANGO DIO ESKURA RT ERROIA ARDURADUNARI.,0.0,,0.0,False,False,False,False
157,157,3128989.0,1832233,ERROIA,157,1832233,ERROIA,2012-03-21,2019-03-22,ERRETENEAN EZ DAUDE,,,,False,False,False,False
448,157,3128989.0,1832233,ERROIA,157,1832233,BULEGOA,2019-03-22,2019-05-30,,,,0.0,False,False,False,False
490,157,3128989.0,1832233,ERROIA,157,1832233,KULIXKA,2019-05-30,2019-06-10,TRIATLON,,,0.0,False,False,False,False
501,157,3128989.0,1832233,ERROIA,157,1832233,BULEGOA,2019-06-10,2020-09-11,,,,0.0,False,False,False,False
649,158,3129042.0,1832826,AGIÑA,158,0,BULEGOA,2022-06-20,2022-06-23,"APURTUTA,EZ DA PIZTEN BEHARDEN BEZALA",0.0,,0.0,False,False,False,False
650,158,3129042.0,1832826,AGIÑA,158,0,ARRETA,2022-06-23,2022-09-05,,686672.0,014321_RMA,0.0,False,False,False,False
653,158,3129042.0,1832826,AGIÑA,158,0,AGIÑA,2022-09-13,2025-03-06,BEREDAZ BIDALI DA BERGARAKO OCARA ARRAON IZENEAN,0.0,,0.0,False,False,False,False
748,158,3129042.0,1832826,AGIÑA,158,0,BULEGOA,2025-03-06,2025-03-12,MATXURATUTA,0.0,RMA060364,0.0,False,False,False,False
749,158,3129042.0,1832826,AGIÑA,158,0,ARRETA,2025-03-12,2025-07-17,KONPONTZERA KULIXKAK - KONPONDUTA 17/07/25,0.0,,0.0,False,False,False,False
764,158,3129042.0,1832826,AGIÑA,158,0,AGIÑA,2025-07-17,,BERGARAKO ENB-RA BIDALITA,0.0,,0.0,False,False,False,False
158,158,3129042.0,1832826,AGIÑA,158,1832251,AGIÑA,2012-03-21,2015-12-30,MIKROFONOA EZ DABIL. BATERI BAT ETA ANTENAKIN BIDALTZEN DU.,,,,False,False,False,False
313,158,3129042.0,1832826,AGIÑA,158,1832251,ARRETA,2015-12-30,2016-02-04,,188113.0,009247_RM,0.0,False,False,False,False
330,158,3129042.0,1832826,AGIÑA,158,1832251,BULEGOA,2016-02-04,2016-02-29,"ESTE TALKY AHORA FUNCIONA PERFECTAMENTE, ENCIENDE Y EL RESTO TAMBIEN VA BIEN",,,0.0,False,False,False,False
334,158,3129042.0,1832826,AGIÑA,158,1832251,AGIÑA,2016-02-29,2017-03-08,,,,0.0,False,False,False,False
336,158,3129042.0,1832826,AGIÑA,158,1832251,AGIÑA,2016-03-08,2019-02-28,ANTENA BAT ETA BI BATERIA BIDALTZEN ZAIZKIO BEREDAZ ARRANORI,,,0.0,False,False,False,False
442,158,3129042.0,1832826,AGIÑA,158,1832251,ARRETA,2019-02-28,2019-04-17,EZ DA PIZTEN ARRETA           TELTRONIC,,,0.0,False,False,False,False
473,158,3129042.0,1832826,AGIÑA,158,1832251,BULEGOA,2019-04-17,2019-05-03,,,,0.0,False,False,False,False
474,158,3129042.0,1832826,AGIÑA,158,1832251,AGIÑA,2019-05-03,2022-06-20,VEREDAZ BIDALTZEN ZAIO,,,0.0,False,False,False,False
159,159,,1832252,PIKUA,159,1832252,PIKUA,2012-03-21,2016-05-12,PANTAILA EZ DA IKUSTEN,,,,False,False,False,False
345,159,,1832252,PIKUA,159,1832252,BULEGOA,2016-05-12,2016-05-12,MATXURATUTAKO TALKY BATEN PANTAILA ALDATZEN DIOT.,,,0.0,False,False,False,False
346,159,,1832252,PIKUA,159,1832252,PIKUA,2016-05-13,,MAITANERI VEREDAZ BIDALTZEN DIOT.,,,0.0,False,False,False,False
160,160,,1832253,TXANTXIKU,160,1832253,TXANTXIKU,2012-03-21,,,,,,False,False,False,False
617,161,3128938.0,1832301,URASKA1,161,0,URASKA3,2021-04-27,2021-09-06,AURREKO MATXURATUTAKO IRRATIAREN ORDEZ,0.0,,0.0,False,False,False,False
618,161,3128938.0,1832301,URASKA1,161,0,BULEGOA,2021-09-06,2025-11-21,MATXURATUTA,0.0,,0.0,False,False,False,False
804,161,3128938.0,1832301,URASKA1,161,0,ARRETA,2025-11-21,2026-01-14,KONPONTZERA,0.0,,0.0,False,False,False,False
818,161,3128938.0,1832301,URASKA1,161,0,BULEGOA,2026-01-14,,,0.0,,0.0,False,False,False,False
161,161,3128938.0,1832301,URASKA1,161,1832301,URASKA1,2012-03-21,2012-11-12,EZ DA PIZTEN,,,,False,False,False,False
193,161,3128938.0,1832301,URASKA1,161,1832301,ARRETA,2012-11-12,2013-05-29,,,,,False,False,False,False
194,161,3128938.0,1832301,URASKA1,161,1832301,URASKA1,2013-05-29,2014-12-03,EZ DA PIZTEN.,,,,False,False,False,False
267,161,3128938.0,1832301,URASKA1,161,1832301,ARRETA,2014-12-03,2014-12-22,,124662.0,,0.0,False,False,False,False
268,161,3128938.0,1832301,URASKA1,161,1832301,URASKA1,2015-01-14,2018-07-13,BELATZEN BITARTEZ BIDALTZEN DUT,,,0.0,False,False,False,False
414,161,3128938.0,1832301,URASKA1,161,1832301,BULEGOA,2018-07-13,2021-04-27,,,,0.0,False,False,False,False
162,162,3128939.0,1832302,URASKA2 BAJA,162,1832302,URASKA2,2012-03-21,2015-12-24,EZ DA PIZTEN,,,,False,False,False,False
309,162,3128939.0,1832302,URASKA2 BAJA,162,1832302,ARRETA,2015-12-24,2016-02-04,,187924.0,,0.0,False,False,False,False
326,162,3128939.0,1832302,URASKA2 BAJA,162,1832302,BULEGOA,2016-02-04,2017-04-21,"PLACA MATRIZ MAL, NO ENCIENDE, DISPLAY MAL (EZ DABIL)",,,0.0,False,False,False,False
592,163,3129069.0,1832303,URASKA3 BAJA,163,0,URASKA3,,,,0.0,,0.0,False,False,False,False
163,163,3129069.0,1832303,URASKA3 BAJA,163,1832303,URASKA3,2012-03-21,2015-12-29,"24V KARGA SARTU DIO. BI BATERI, KARGADOREA, ANTENA ETA BATERI KABLEA BIDALTZEN DITU.",,,,False,False,False,False
314,163,3129069.0,1832303,URASKA3 BAJA,163,1832303,ARRETA,2015-12-30,2016-02-04,,188111.0,009246_RMA,0.0,False,False,False,False
329,163,3129069.0,1832303,URASKA3 BAJA,163,1832303,BULEGOA,2016-02-04,2017-04-21,"PLACA MATRIZ MAL, NO ENCIENDE",,,0.0,False,False,False,False
590,164,3129069.0,1832304,URASKA4 BAJA,164,0,URASKA4,,,,0.0,,0.0,False,False,False,False
164,164,3129069.0,1832304,URASKA4 BAJA,164,1832304,URASKA4,2012-03-21,2014-04-01,,,,,False,False,False,False
248,164,3129069.0,1832304,URASKA4 BAJA,164,1832304,ARRETA,2014-04-01,2014-04-15,EZ DA PIZTEN - KARGATZEKO ZOKALOAREN TRANSFORMADOREA ETA KABLEA ERE BIDALTZEN DA,90963.0,,0.0,False,False,False,False
257,164,3129069.0,1832304,URASKA4 BAJA,164,1832304,BULEGOA,2014-04-01,2014-04-28,AINGIRARI BIDALTZEN ZAIO VEREDAZ URASKARI ESKURATZEKO,,,0.0,False,False,False,False
258,164,3129069.0,1832304,URASKA4 BAJA,164,1832304,URASKA4,2014-04-28,2015-12-24,EZ DA PIZTEN,,,0.0,False,False,False,False
310,164,3129069.0,1832304,URASKA4 BAJA,164,1832304,ARRETA,2015-12-24,2016-02-04,,187924.0,,0.0,False,False,False,False
328,164,3129069.0,1832304,URASKA4 BAJA,164,1832304,BULEGOA,2016-02-04,2016-02-04,"PLACA MATRIZ MAL, NO ENCIENDE (EZ DABIL)",,,0.0,False,False,False,False
165,165,,1832305,URASKA5,165,1832305,URASKA5,2012-03-21,2017-06-05,EZ DA PIZTEN. KAMIOIA ALDATU DU. POSIBLE 24V . INC ZKIA: 330939 RMA TELTRONIC 010676_RMA,,,,False,False,False,False
382,165,,1832305,URASKA5,165,1832305,ARRETA,2017-06-07,2017-10-13,,,,0.0,False,False,False,False
391,165,,1832305,URASKA5,165,1832305,BULEGOA,2017-10-13,2017-10-23,,,,0.0,False,False,False,False
392,165,,1832305,URASKA5,165,1832305,MOLLARRI,2017-10-23,2017-10-24,ARRANORI EMATEKO  ETA BERAK URASKA5ERI PASATZEKO,,,0.0,False,False,False,False
393,165,,1832305,URASKA5,165,1832305,URASKA5,2017-10-24,,ARRANORI PASA DIOT URASKA5ERI EMATEKO,,,0.0,False,False,False,False
595,166,,1832306,URASKA6,166,0,BULEGOA,2021-04-22,2021-04-27,ELIZEGIREN BAJA (URASAKA6 IZATEARI UTZI DU),0.0,,0.0,False,False,False,False
166,166,,1832306,URASKA6,166,1832306,URASKA6,2012-03-21,2015-12-22,,,,,False,False,False,False
305,166,,1832306,URASKA6,166,1832306,BULEGOA,2015-12-22,2015-12-23,PANTAILA EZ DA IKUSTEN,,,0.0,False,False,False,False
311,166,,1832306,URASKA6,166,1832306,ARRETA,2015-12-23,2016-02-04,,187295.0,009240_RMA,0.0,False,False,False,False
327,166,,1832306,URASKA6,166,1832306,BULEGOA,2016-02-04,2016-02-29,BEREDAZ GAVILANI BIDALTZEN DIOT,,,0.0,False,False,False,False
335,166,,1832306,URASKA6,166,1832306,URASKA6,2016-02-29,2021-04-21,GAVILANI BIDALTZEN DIOT BEREDAZ,,,0.0,False,False,False,False
761,167,,1832401,KORKON,167,0,BULEGOA,2025-07-12,2026-07-06,,0.0,,2.0,True,True,True,False
866,167,,1832401,KORKON,167,0,ST1,2026-07-06,2026-07-27,JON GAZTELUMENDIRI EMAN ZAIO,0.0,,0.0,False,False,False,False
878,167,,1832401,KORKON,167,0,BULEGOA,2026-07-27,,,0.0,,0.0,False,False,False,False
167,167,,1832401,KORKON,167,1832401,KORKON,2012-03-21,2025-07-12,Rafael Herranz jubilazioa,,,,False,False,False,False
168,168,,1832402,HAMUA,168,1832402,HAMUA,2012-03-21,2019-02-21,MIKROFONOA EZ DABIL,,,,False,False,False,False
443,168,,1832402,HAMUA,168,1832402,ARRETA,2019-02-28,2019-05-20,,,012177_RMA,0.0,False,False,False,False
497,168,,1832402,HAMUA,168,1832402,BULEGOA,2019-05-20,2019-06-24,,,,0.0,False,False,False,False
514,168,,1832402,HAMUA,168,1832402,37-HAMUA,2019-06-24,,JUAN RAMON ALONSO,,,2.0,True,False,True,False
560,169,3129122.0,1832403,GAMBO,169,0,28-MIRUA,2020-11-17,2020-12-09,,,,0.0,False,False,False,False
567,169,3129122.0,1832403,GAMBO,169,0,BULEGOA,2020-12-09,2022-01-25,,0.0,,0.0,False,False,False,False
624,169,3129122.0,1832403,GAMBO,169,0,MOLLARRI,2022-01-25,2022-03-08,BEREA KONPONDU ARTE,0.0,,0.0,False,False,False,False
635,169,3129122.0,1832403,GAMBO,169,0,BULEGOA,2022-03-08,,,0.0,,0.0,False,False,False,False
206,169,3129122.0,1832403,GAMBO,169,1832403,KORMORAN,2013-01-04,2013-06-21,,,,,False,False,False,False
209,169,3129122.0,1832403,GAMBO,169,1832403,BASATI,2013-07-08,2013-10-21,BEREDAZ BIDALTZEN DIOT. ACT. 1910,,,,False,False,False,False
225,169,3129122.0,1832403,GAMBO,169,1832403,KIRIKIXO,2013-10-23,2013-10-28,,,,0.0,False,False,False,False
227,169,3129122.0,1832403,GAMBO,169,1832403,INMA,2013-10-31,2013-11-04,AIAKO HARRIAN MOTORRAK KONTROLATZEKO,,,0.0,False,False,False,False
235,169,3129122.0,1832403,GAMBO,169,1832403,BULEGOA,2013-11-04,2015-11-26,ANTXETARI BIDALTZEN ZAIO BEREA KONPONTZEN DEN BITARTEAN,,,0.0,False,False,False,False
296,169,3129122.0,1832403,GAMBO,169,1832403,ANTXETA,2015-11-26,2016-01-04,,,,0.0,False,False,False,False
316,169,3129122.0,1832403,GAMBO,169,1832403,BULEGOA,2016-01-04,2016-06-11,,,,0.0,False,False,False,False
318,169,3129122.0,1832403,GAMBO,169,1832403,EPERRA,2016-01-11,2016-01-25,,,,0.0,False,False,False,False
324,169,3129122.0,1832403,GAMBO,169,1832403,BULEGOA,2016-01-25,2016-09-16,,,,0.0,False,False,False,False
359,169,3129122.0,1832403,GAMBO,169,1832403,JON ZULAIKA,2016-09-16,2016-09-23,MENDATAKO BIOTOPOAN ERABILTZEKO,,,1.0,False,False,True,False
360,169,3129122.0,1832403,GAMBO,169,1832403,BULEGOA,2016-09-23,2018-10-11,,,,0.0,False,False,False,False
427,169,3129122.0,1832403,GAMBO,169,1832403,TRIKU,2018-10-11,2019-05-20,BEREA GALDU DU ETA ORDEZKATZEN,,,0.0,False,False,False,False
489,169,3129122.0,1832403,GAMBO,169,1832403,KULIXKA,2019-05-30,2019-06-10,TRIATLON,,,0.0,False,False,False,False
519,169,3129122.0,1832403,GAMBO,169,1832403,BULEGOA,2019-06-10,2020-11-17,,,,0.0,False,False,False,False
572,170,31289530.0,1832411,IHILA,170,0,BULEGOA,2021-02-08,2022-02-09,,0.0,,0.0,False,False,False,False
629,170,31289530.0,1832411,IHILA,170,0,IGELA,2022-02-09,2022-09-15,BEREA KONPONDU BITARTEAN ORDEZKATZEKO,0.0,,0.0,False,False,False,False
660,170,31289530.0,1832411,IHILA,170,0,BULEGOA,2022-09-15,2025-04-16,,0.0,,0.0,False,False,False,False
752,170,31289530.0,1832411,IHILA,170,0,AZARI,2025-04-16,2025-05-12,"ERTZAINEI ETA OIARTZUNGO BASOZIANEI UZTEKO 
AZARI UTZIKO ZAIO BEHIN-BEHINEAN ERTZAINTZAREKIN ETA OIARTZUNGO BASOZAINAREKIN MOTORRAK KONTROLATZEKO",0.0,,0.0,False,False,False,False
757,170,31289530.0,1832411,IHILA,170,0,BULEGOAN,2025-05-12,2025-07-14,,0.0,,0.0,False,False,False,False
762,170,31289530.0,1832411,IHILA,170,0,JON GAZTELUMENDI,2025-07-14,2025-07-21,"EZ DABIL, PATAILA ILUNA, KONPONTZERA BIDALIKO DUGU",0.0,,0.0,False,False,False,False
774,170,31289530.0,1832411,IHILA,170,0,TELTRONIC,2025-07-22,,KONPONTZERA BIDALIA,0.0,,0.0,False,False,False,False
806,170,31289530.0,1832411,IHILA,170,0,BULEGOAN,2025-12-19,,,0.0,,0.0,False,False,False,False
170,170,31289530.0,1832411,IHILA,170,1832411,IHILA,2012-03-21,2021-02-08,JUBILATUTA,,,,True,True,True,True
751,171,3128970.0,1832412,AIA,171,0,BULEGOAN,2025-04-14,2025-04-16,ORDEZKOAREN ZAIN,0.0,,0.0,False,False,False,False
753,171,3128970.0,1832412,AIA,171,0,AZARI,2025-04-16,2025-05-12,ERTZAINEI ETA OIARTZUNGO BASOZIANEI UZTEKO,0.0,,0.0,False,False,False,False
756,171,3128970.0,1832412,AIA,171,0,BULEGOAN,2025-05-12,2025-10-28,,0.0,,0.0,False,False,False,False
789,171,3128970.0,1832412,AIA,171,0,KORMORAN,2025-11-04,2026-01-09,Behin Behineko berea konpontzen duten bitartean _ Bueltan jasoa,0.0,,0.0,False,False,False,False
171,171,3128970.0,1832412,AIA,171,1832412,AIA,2012-03-21,2025-04-14,LAN POSTUARI UZTEAGATIK,,,,False,False,False,False
172,172,,1832500,EMISORA,172,1832500,BULEGOA,2012-03-21,2019-08-12,EZ DU MODULATZEN,396544.0,,,False,False,False,False
515,172,,1832500,EMISORA,172,1832500,ARRETA,2019-08-12,,,,,0.0,False,False,False,False
173,173,,1832501,EMISORA1,173,1832501,BULEGOA,2012-03-21,,,,,,False,False,False,False
760,174,,1832502,EMISORA2,174,0,ARRETA,2025-06-25,,,778677.0,060946,0.0,False,False,False,False
174,174,,1832502,EMISORA2,174,1832502,BULEGOA,2012-03-21,2025-06-25,EZ DA SARERA KONEKTATZEN,,,,False,False,False,False
175,175,,1832503,EMISORA3,175,1832503,BULEGOA,2012-03-21,,,,,,False,False,False,False
176,176,,1832504,EMISORA4,176,1832504,BULEGOA,2012-03-21,,,,,,False,False,False,False
177,177,,1832800,TECNICO  GUARDIA-M,177,1832800,TECNICO  GUARDIA-M,2012-03-21,,,,,,False,False,False,False
178,178,,1832601,AZARI-M,178,1832601,01-MIRUA,2012-03-21,2015-09-08,,,,,False,False,False,False
398,178,,1832601,AZARI-M,178,1832601,85-AZARI,2015-09-08,,AZARIK BERE KOTXEAN JARRITA DU.,,,0.0,False,False,False,False
179,179,,1832614,LOINA-M,179,1832614,LOINA-M,2012-03-21,,,,,,False,False,False,False
603,180,,1832634,UR-M,180,0,UR,2021-06-14,,UREN KOTXEAN,0.0,,0.0,False,False,False,False
180,180,,1832634,UR-M,180,1832634,UR-M,2012-03-21,,,,,,False,False,False,False
181,181,,1832640,PAGOA-M,181,1832640,PAGOA-M,2012-03-21,2017-05-19,URRITZAN KOTXEAN,,,,False,False,False,False
425,181,,1832640,PAGOA-M,181,1832640,URRITZA,2017-05-19,,,,,0.0,False,False,False,False
604,182,,1832650,URKI-M,182,0,TXEPETXA,,,,0.0,,0.0,False,False,False,False
182,182,,1832650,URKI-M,182,1832650,URKI-M,2012-03-21,,TXEPETXA,,,,False,False,False,False
605,183,,1832660,HALTZA-M,183,0,ARRANO,2021-06-14,,,0.0,,0.0,False,False,False,False
183,183,,1832660,HALTZA-M,183,1832660,HALTZA-M,2012-03-21,,,,,,False,False,False,False
750,184,,1832680,OTSOA-M,184,0,BULEGOAN,2024-07-01,,,0.0,,0.0,False,False,False,False
184,184,,1832680,OTSOA-M,184,1832680,OTSOA-M,2012-03-21,2024-07-01,IBILGAILUAREN ALDAKETA,,,,False,False,False,False
185,185,,1832701,URASKA1M,185,1832701,URASKA1M,2012-03-21,2018-09-28,BAJA EMAN DU URASKA BEZELA,,,,False,False,False,False
415,185,,1832701,URASKA1M,185,1832701,BULEGOA,2018-09-28,,,,,0.0,False,False,False,False
186,186,,1832702,URASKA2M,186,1832702,URASKA2M,2012-03-21,,,,,,False,False,False,False
187,187,,1832703,URASKA3M,187,1832703,URASKA3M,2012-03-21,,,,,,False,False,False,False
188,188,,1832704,URASKA4M,188,1832704,URASKA4M,2012-03-21,,,,,,False,False,False,False
189,189,,1832705,URASKA5M,189,1832705,URASKA5M,2012-03-21,,,,,,False,False,False,False
599,190,,1832706,URASKA6M,190,0,BULEGOA,2021-05-03,,,0.0,,0.0,False,False,False,False
190,190,,1832706,URASKA6M,190,1832706,URASKA6M,2012-03-21,2021-05-03,BAJA URASKA BEZELA,,,,False,False,False,False
561,191,3254740.0,1832821,ERRESERBA1,191,0,36-KIRIKIXO,2020-11-18,2021-03-22,VEREDAZ BIDALTZEN ZAIO,,,0.0,False,False,False,False
579,191,3254740.0,1832821,ERRESERBA1,191,0,BULEGOA,2021-03-22,2021-04-15,,0.0,,0.0,False,False,False,False
613,191,3254740.0,1832821,ERRESERBA1,191,0,URASKA2,2021-04-15,2021-09-06,,0.0,,0.0,False,False,False,False
614,191,3254740.0,1832821,ERRESERBA1,191,0,BULEGOA,2021-09-06,2022-01-05,,0.0,,0.0,False,False,False,False
643,191,3254740.0,1832821,ERRESERBA1,191,0,INTXUSA,2022-01-05,2022-03-21,BEREA KONPONDU BITARTEAN,0.0,,0.0,False,False,False,False
644,191,3254740.0,1832821,ERRESERBA1,191,0,BULEGOA,2022-03-21,2022-06-20,,0.0,,0.0,False,False,False,False
647,191,3254740.0,1832821,ERRESERBA1,191,0,AGIÑA,2022-06-20,2022-09-21,BERGARAKO OCA-RA BIDALIA NEGUTAREN IZENEAN,0.0,,0.0,False,False,False,False
658,191,3254740.0,1832821,ERRESERBA1,191,0,BULEGOA,2022-09-21,2022-10-29,,0.0,,0.0,False,False,False,False
661,191,3254740.0,1832821,ERRESERBA1,191,0,KORMORAN,2022-10-29,2023-02-17,,0.0,,0.0,False,False,False,False
678,191,3254740.0,1832821,ERRESERBA1,191,0,BULEGOA,2023-02-17,2023-02-24,,0.0,,0.0,False,False,False,False
680,191,3254740.0,1832821,ERRESERBA1,191,0,NEGUTA,2023-02-24,2023-02-28,BEREAK ARAZOAK DITU,0.0,,0.0,False,False,False,False
681,191,3254740.0,1832821,ERRESERBA1,191,0,BULEGOA,2023-02-28,,BEREA ONDO DABIL,0.0,,0.0,False,False,False,False
684,191,3254740.0,1832821,ERRESERBA1,191,0,79-IGELA,2023-05-30,2023-10-05,BEREAK ARAZOAK DITU,0.0,,0.0,False,False,False,False
694,191,3254740.0,1832821,ERRESERBA1,191,0,BULEGOA,2023-10-05,2024-04-22,,0.0,,0.0,False,False,False,False
705,191,3254740.0,1832821,ERRESERBA1,191,0,85-AZARI,2024-04-22,2024-09-02,BEREA ALBOETAKO SAKAGAILUAK DEGRADATUAK DITU,0.0,,0.0,False,False,False,False
715,191,3254740.0,1832821,ERRESERBA1,191,0,BULEGOA,2024-09-02,2024-09-05,ORDIZIAKO ENBra BIDALTZEN DUT UGATZEN IZENEAN,0.0,,0.0,False,False,False,False
731,191,3254740.0,1832821,ERRESERBA1,191,0,BULEGOA,2024-11-27,2024-11-28,UGATZEK TALKIA BUELTATZEN DU,0.0,,0.0,False,False,False,False
778,191,3254740.0,1832821,ERRESERBA1,191,0,MIRUA,2025-03-18,2025-07-23,MIRUA,0.0,,0.0,False,False,False,False
779,191,3254740.0,1832821,ERRESERBA1,191,0,BULEGOA,2025-07-23,2025-09-19,,0.0,,0.0,False,False,False,False
783,191,3254740.0,1832821,ERRESERBA1,191,0,KULIXKA,2025-09-19,2025-12-29,KULIXKA1 TALKIAREN ORDEZKOTZAT HARTZEN DUT,0.0,,0.0,False,False,False,False
814,191,3254740.0,1832821,ERRESERBA1,191,0,AZARI,2026-02-18,2026-06-24,ASTEBURUAN ERTZAINEKIN MOTO OPERATIBOA,0.0,,0.0,False,False,False,False
827,191,3254740.0,1832821,ERRESERBA1,191,0,,,,,0.0,,0.0,False,False,False,False
862,191,3254740.0,1832821,ERRESERBA1,191,0,BULEGOA,2026-06-24,2026-06-26,ZALDUONDOKO SUTERA MIREN O.,0.0,,0.0,False,False,False,False
864,191,3254740.0,1832821,ERRESERBA1,191,0,BULEGOA,2026-06-29,2026-06-30,"ARKAITZ ARRESE, ARALARREN HELIKOPTERO KARRAIO LANERAKO",0.0,,2.0,False,False,True,True
873,191,3254740.0,1832821,ERRESERBA1,191,0,BULEGOA,2026-07-14,2026-08-06,JON GAZTELUMENDIK HARTU DU. BERAK IZANGO DU.,0.0,,0.0,False,False,False,False
348,191,3254740.0,1832821,ERRESERBA1,191,1832821,MOLLARRI,2016-06-22,2016-11-23,MOLLARRI1 KONPONTZEN DAGOELAKO,,,0.0,False,False,False,False
366,191,3254740.0,1832821,ERRESERBA1,191,1832821,BULEGOA,2016-11-23,2017-06-07,URASKA 5 - ARI BIDALTZEN DIOT BEREA KONPONDU ARTE,,,0.0,False,False,False,False
396,191,3254740.0,1832821,ERRESERBA1,191,1832821,URASKA5,2017-06-07,2018-02-26,ARRANOK ERE EDUKI DU BEREA KONPONDU BITARTEAN,,,0.0,False,False,False,False
405,191,3254740.0,1832821,ERRESERBA1,191,1832821,BULEGOA,2018-02-26,2019-06-04,,,,0.0,False,False,False,False
499,191,3254740.0,1832821,ERRESERBA1,191,1832821,28-MIRUA,2019-06-04,2019-09-02,MIRUARI EMAN ZAIO BEREAK EZ DUELAKO EMITITZEN,,,0.0,False,False,False,False
521,191,3254740.0,1832821,ERRESERBA1,191,1832821,BULEGOA,2019-09-02,2020-11-18,,,,0.0,False,False,False,False
351,192,3254737.0,1832822,ERRESERBA2,192,1832822,BULEGOA,2016-08-05,2016-08-23,AINGIRAK ERABILI DU,,,0.0,False,False,False,False
352,192,3254737.0,1832822,ERRESERBA2,192,1832822,41-AINGIRA,2016-07-19,2016-08-05,BERA MATXURATUTA,,,0.0,False,False,False,False
353,192,3254737.0,1832822,ERRESERBA2,192,1832822,41-AINGIRA,2016-08-23,2016-11-23,"BEREA EZ DABIL ONGI, ANTENA BAT ERE EMAN ZAIO",,,1.0,False,False,False,False
367,192,3254737.0,1832822,ERRESERBA2,192,1832822,BULEGOA,2016-11-23,2017-07-07,BULEGOAN GORDETZEN DA,,,0.0,False,False,False,False
383,192,3254737.0,1832822,ERRESERBA2,192,1832822,KULIXKA,2017-06-07,2017-06-12,TRIATLOIA,,,0.0,False,False,False,False
403,192,3254737.0,1832822,ERRESERBA2,192,1832822,25-ARRUBIO,2018-02-19,2018-03-13,ORDEZKATZEKO BEREA KONPONTZEN DEN BITARTEAN,,,0.0,False,False,False,False
407,192,3254737.0,1832822,ERRESERBA2,192,1832822,BULEGOA,2018-03-13,2019-10-22,BERE KAXAN DAGO,,,0.0,False,False,False,False
518,192,3254737.0,1832822,ERRESERBA2,192,1832822,PARTZONERIA,2019-10-22,,PARTZONERIKO BASOZAINAK ERABILI DEZAN - INTZIDENTZIA 8569,,,2.0,False,False,True,True
758,193,3254741.0,1832823,ERRESERBA3,193,0,KORMORAN,2025-06-04,2025-08-18,BERE LANEKO KOTXETIK LAPURTUA,0.0,,0.0,False,False,False,False
384,193,3254741.0,1832823,ERRESERBA3,193,1832823,KULIXKA,2017-06-07,2017-06-12,TRIATLOIA,,,0.0,False,False,False,False
419,193,3254741.0,1832823,ERRESERBA3,193,1832823,BULEGOA,2018-06-12,2025-06-04,KORMORANI BIDALTZEN ZAIO BEREA ORDEZKATZEKO,,,0.0,False,False,False,False
529,194,3254740.0,1832824,ERRESERBA4,194,0,BULEGOA,2020-08-19,2020-08-21,ERRESERBAN,,,0.0,False,False,False,False
530,194,3254740.0,1832824,ERRESERBA4,194,0,78-TRIKU,2020-08-21,2020-08-25,"BEREA AGIAN EZ DABILELAKO ONDO, BATERIA ALDAKETAREKIN FROGATU BEHAR DU",,,2.0,False,False,False,False
531,194,3254740.0,1832824,ERRESERBA4,194,0,BULEGOA,2020-08-25,2024-11-26,,,,0.0,False,False,False,False
775,194,3254740.0,1832824,ERRESERBA4,194,0,ESTURION,2024-11-27,2025-07-22,"BULEGORA BUELTATU DIGU ERRETSERBA4, BEREA BADU JADANIK",0.0,,0.0,False,False,False,False
784,194,3254740.0,1832824,ERRESERBA4,194,0,KIRIKIXO,2025-10-17,2025-12-29,BULEGORA BUELTATU DU KIRIKIXOK,0.0,,0.0,False,False,False,False
813,194,3254740.0,1832824,ERRESERBA4,194,0,AZARI,2026-02-18,2026-03-19,ASTEBURUAN ERTZAINEKIN MOTO OPERATIBOA,0.0,,0.0,False,False,False,False
833,194,3254740.0,1832824,ERRESERBA4,194,0,RT LANPERNA,2026-03-19,2026-08-13,BEREA MATXURATU ZAIO (FERMIN),0.0,,0.0,False,False,False,False
883,194,3254740.0,1832824,ERRESERBA4,194,0,BULEGOA,2026-08-13,2026-08-14,,0.0,,0.0,False,False,False,False
884,194,3254740.0,1832824,ERRESERBA4,194,0,EKHI MANDIOLA,2026-08-14,2026-09-03,ARABAKO SUTEAN (LLANTENO),0.0,,2.0,False,False,False,False
886,194,3254740.0,1832824,ERRESERBA4,194,0,BULEGOA,2026-09-03,,,0.0,,0.0,False,False,False,False
385,194,3254740.0,1832824,ERRESERBA4,194,1832824,KULIXKA,2017-06-07,2017-06-12,TRIATLOIA,,,0.0,False,False,False,False
420,194,3254740.0,1832824,ERRESERBA4,194,1832824,BULEGOA,2017-06-12,2019-02-28,,,,0.0,False,False,False,False
441,194,3254740.0,1832824,ERRESERBA4,194,1832824,EPERRA,2019-02-28,2019-06-12,,,,0.0,False,False,False,False
512,194,3254740.0,1832824,ERRESERBA4,194,1832824,BULEGOA,2019-06-12,2019-12-17,,,,0.0,False,False,False,False
522,194,3254740.0,1832824,ERRESERBA4,194,1832824,28-MIRUA,2019-12-17,2020-08-19,MIRUARENA KONPONDU ARTE,,,0.0,False,False,False,False
868,195,3254743.0,1832825,ERRESERBA5,195,0,ST1,2026-07-06,2026-07-07,JON GAZTELUMENDIRA EMAN ZAIO,0.0,,0.0,False,False,False,False
869,195,3254743.0,1832825,ERRESERBA5,195,0,BULEGOA,2026-07-07,2026-07-10,,0.0,,0.0,False,False,False,False
870,195,3254743.0,1832825,ERRESERBA5,195,0,uraska 3,2026-07-10,,Berea matxuratuta. Azpeitiako ENBra BIDALI DIOT,0.0,,0.0,False,False,False,False
386,195,3254743.0,1832825,ERRESERBA5,195,1832825,KULIXKA,2017-06-07,2017-06-12,TRIATLOIA,,,0.0,False,False,False,False
421,195,3254743.0,1832825,ERRESERBA5,195,1832825,BULEGOA,2018-06-12,2019-02-07,,,,0.0,False,False,False,False
435,195,3254743.0,1832825,ERRESERBA5,195,1832825,28-MIRUA,2019-02-07,2019-02-12,BEREA AZTERTZEKO UZTEN DU BULEGOAN,,,0.0,False,False,False,False
438,195,3254743.0,1832825,ERRESERBA5,195,1832825,BULEGOA,2019-02-12,2019-02-21,,,,0.0,False,False,False,False
439,195,3254743.0,1832825,ERRESERBA5,195,1832825,37-HAMUA,2019-02-21,2019-05-20,BEREA KONPONDU ETA AZTERTU BITARTEAN. BATERI BAT EMAN ZAIO BAT HONDATUTA DAUKALAKO,,,0.0,False,False,False,False
488,195,3254743.0,1832825,ERRESERBA5,195,1832825,47-BASAHAIZE2,2019-05-21,2026-07-06,,,,2.0,True,True,True,True
741,196,3254735.0,1832826,ERRESERBA6,196,0,SUSTRAI,2025-04-02,2025-08-22,BEREA KONPONTZERA BIDALTZEN DA. ARAZOA BARNE MIKROAN,0.0,,0.0,False,False,False,False
781,196,3254735.0,1832826,ERRESERBA6,196,0,BULEGOA,2025-08-22,2025-10-29,,0.0,,0.0,False,False,False,False
790,196,3254735.0,1832826,ERRESERBA6,196,0,TXIMBO,2025-10-29,2025-12-29,BEREA KONPONTZERA BIDALI DA. ARAZOA PULTSADOREAN. BUELTAN.,0.0,,0.0,False,False,False,False
816,196,3254735.0,1832826,ERRESERBA6,196,0,AZARI,2026-02-18,2026-06-24,ASTEBURUAN ERTZAINEKIN MOTO OPERATIBOA,0.0,,0.0,False,False,False,False
861,196,3254735.0,1832826,ERRESERBA6,196,0,BULEGOA,2026-06-24,2026-06-26,ZALDUONDOKO SUTERA MIREN O.,0.0,,0.0,False,False,False,False
863,196,3254735.0,1832826,ERRESERBA6,196,0,,,,,0.0,,0.0,False,False,False,False
865,196,3254735.0,1832826,ERRESERBA6,196,0,BULEGOA,2026-06-29,2026-06-30,"ARKAITZ ARRESE, ARALARREN HELIKOPTERO KARRAIO LANERAKO",0.0,,2.0,False,False,True,True
872,196,3254735.0,1832826,ERRESERBA6,196,0,BULEGOA,2026-07-14,2026-07-28,,0.0,,0.0,False,False,False,False
882,196,3254735.0,1832826,ERRESERBA6,196,0,KIRIKIXO,2026-07-28,,KIRIKIXORI. BEREA MATXURATUTA. KONPONTZEA EZ DU MEREZI,0.0,,0.0,False,False,False,False
387,196,3254735.0,1832826,ERRESERBA6,196,1832826,KULIXKA,2017-06-07,2017-06-12,TRIATLOIA,,,0.0,False,False,False,False
422,196,3254735.0,1832826,ERRESERBA6,196,1832826,BULEGOA,2018-06-12,2018-11-15,,,,0.0,False,False,False,False
429,196,3254735.0,1832826,ERRESERBA6,196,1832826,65-OLATZ,2018-11-15,2019-06-07,BEREA KONPONTZEN DAGO PANTAILA EZ DA PIZTEN.,,,0.0,False,False,False,False
508,196,3254735.0,1832826,ERRESERBA6,196,1832826,BULEGOA,2019-06-07,2025-04-02,,,,0.0,False,False,False,False
777,197,3254744.0,1832827,ERRESERBA7,197,0,JON GAZTELUMENDI,2025-07-21,,,0.0,,0.0,False,False,False,False
423,197,3254744.0,1832827,ERRESERBA7,197,1832827,BULEGOA,2017-06-07,2019-02-28,,,,0.0,False,False,False,False
440,197,3254744.0,1832827,ERRESERBA7,197,1832827,71-AGIÑA,2019-02-28,2019-05-07,BEREA KONPONDU ARTE,,,0.0,False,False,False,False
485,197,3254744.0,1832827,ERRESERBA7,197,1832827,BULEGOA,2019-05-07,2025-07-21,,,,0.0,False,False,False,False
848,198,3280945.0,1832830,ANTXETA,198,0,BULEGOAN,2026-06-04,,ORDEZKO MODUAN. DESAKTIBATZEKO. BERRIA EMAN ZAIO.,0.0,,0.0,False,False,False,False
472,198,3280945.0,1832830,ANTXETA,198,1832830,ARRETA,2019-04-08,2019-05-02,BERRIA - ERTZAINTZAN VEREDAZ BIDALTZEN DUT,,,0.0,False,False,False,False
482,198,3280945.0,1832830,ANTXETA,198,1832830,66-ANTXETA,2019-05-03,2026-06-04,VEREDAZ BIDALTZEN DIOT.,,,0.0,False,False,False,False
594,202,3254739.0,1832304,URASKA4,202,0,BULEGOA,2021-04-22,2021-04-29,"MATXURATUTA, EZ DA PIZTEN, AGIAN ERRETA EGON DAITEKE",0.0,,0.0,False,False,False,False
598,202,3254739.0,1832304,URASKA4,202,0,ARRETA,2021-04-29,2021-06-01,KONPOKETARAKO,497900.0,013654,0.0,False,False,False,False
601,202,3254739.0,1832304,URASKA4,202,0,ARRETA,2021-06-02,2021-06-21,PROGRAMATZEKO,505302.0,,0.0,False,False,False,False
609,202,3254739.0,1832304,URASKA4,202,0,BULEGOA,2021-06-21,2021-09-06,,0.0,,0.0,False,False,False,False
611,202,3254739.0,1832304,URASKA4,202,0,URASKA4,2021-09-06,,,0.0,,0.0,False,False,False,False
510,202,3254739.0,1832304,URASKA4,202,1832304,URASKA4,2019-05-03,2021-04-21,,,,0.0,False,False,False,False
589,204,3254738.0,1832303,URASKA3,204,0,BULEGOA,2021-04-23,2021-04-29,"MATXURATUTA DAGO, DIRUDIENEZ ERRETA DAGO, ZOKALOA ERE",0.0,,0.0,False,False,False,False
597,204,3254738.0,1832303,URASKA3,204,0,ARRETA,2021-04-29,2021-06-01,KONPOKETARAKO,497902.0,013654,0.0,False,False,False,False
602,204,3254738.0,1832303,URASKA3,204,0,ARRETA,2021-06-02,2021-06-21,PROGRAMATZEKO,505301.0,,0.0,False,False,False,False
608,204,3254738.0,1832303,URASKA3,204,0,BULEGOA,2021-06-21,2021-09-06,,0.0,,0.0,False,False,False,False
612,204,3254738.0,1832303,URASKA3,204,0,URASKA3,2021-09-06,2026-07-17,EZ DABIL ONDO. BUELTAN DESAKTIBATZEKO. ERRETSERBA-5 BIDALITA,0.0,,0.0,False,False,False,False
452,204,3254738.0,1832303,URASKA3,204,1832303,URASKA 3,2017-12-15,2018-06-25,AZALDU ZAIO TALKYA. TRANSMISIONESEKOEI BERRIRO ALTA EMATEKO ESKATU DIET.,,,0.0,False,False,False,False
453,204,3254738.0,1832303,URASKA3,204,1832303,BULEGOA,2018-06-25,2019-05-03,BASOZAINORDE4 DABIL,,,0.0,False,False,False,False
454,204,3254738.0,1832303,URASKA3,204,1832303,BULEGOA,2016-04-21,2016-04-22,TERMINAL BERRIA TEI 000127032547380,,,0.0,False,False,False,False
455,204,3254738.0,1832303,URASKA3,204,1832303,URASKA 3,2016-04-22,2017-11-03,BELATZEN BIDEZ ALDATUKO ZAIO. URASKAK EZ ZIOLA EMAN DIO. EZ DA AZALTZEN. BAJAN EMATEN DUT.,,,0.0,False,False,False,False
483,204,3254738.0,1832303,URASKA3,204,1832303,URASKA3,2019-05-03,2021-04-23,VEREDAZ BIDALTZEN DIOT BELATZI,,,0.0,False,False,False,False
585,205,32547420.0,1832302,URASKA2,205,0,BULEGOA,2021-04-14,2021-04-15,24 VOLTIOTAN  SARTU DU,,,0.0,False,False,False,False
586,205,32547420.0,1832302,URASKA2,205,0,ARRETA,2021-04-15,2021-06-21,,494957.0,013629_RMA,0.0,False,False,False,False
607,205,32547420.0,1832302,URASKA2,205,0,BULEGOA,2021-06-21,2021-09-06,,0.0,,0.0,False,False,False,False
610,205,32547420.0,1832302,URASKA2,205,0,URASKA2,2021-09-06,,,0.0,,0.0,False,False,False,False
457,205,32547420.0,1832302,URASKA2,205,18323020,BULEGOA,2016-04-21,2016-04-22,TERMINAL BERRIA,,,0.0,False,False,False,False
458,205,32547420.0,1832302,URASKA2,205,18323020,URASKA2,2016-04-22,2021-04-14,IBAN - URKIREN BIDEZ ALDATUKO ZAIO,,,0.0,False,False,False,False
476,206,3280944.0,1832829,TRIKU,206,1832829,ARRETA,2019-04-08,2019-05-02,BERRIA SARE ZKA BERRIA EMAN DIOTE,,,0.0,False,False,False,False
477,206,3280944.0,1832829,TRIKU,206,1832829,78-TRIKU,2019-05-03,,VEREDAZ BIDALTZEN DIOT,,,0.0,False,False,False,False
700,207,3280943.0,1832828,KATAMOTZA,207,0,BULEGOAN,2024-04-11,2024-04-12,EZ DA SAREAN KONEKTATZEN,0.0,,0.0,False,False,False,False
703,207,3280943.0,1832828,KATAMOTZA,207,0,ARRETA,2024-04-12,,ARRETARA BIDALTZEN DUT,838636.0,015228,0.0,False,False,False,False
712,207,3280943.0,1832828,KATAMOTZA,207,0,BULEGOAN,2024-08-09,2024-08-12,Beredez Zarautzko ENBra bidaltzen diot,0.0,,0.0,False,False,False,False
885,207,3280943.0,1832828,KATAMOTZA,207,0,MIREN OIANGUEN,2026-09-03,,Arratsaldeak sute itzaltze praktiketarako,0.0,,0.0,False,False,False,False
478,207,3280943.0,1832828,KATAMOTZA,207,1832828,ARRETA,2019-04-08,2019-05-02,BERRIA - ERTZAINTZAN VEREDAZ BIDALTZEN DUT,,,0.0,False,False,False,False
479,207,3280943.0,1832828,KATAMOTZA,207,1832828,76-KATAMOTZA,2019-05-03,2024-04-11,VEREDAZ BIDALTZEN ZAIO.,,,0.0,False,False,False,False
841,208,3280946.0,1832831,BELATZ,208,0,BULEGOAN,2026-05-26,,BULEGOAN DESAKTIBATZEKO. MOTOROLA BERRIA EMAN ZAIO.,0.0,,0.0,False,False,False,False
480,208,3280946.0,1832831,BELATZ,208,1832831,ARRETA,2019-04-08,2019-05-02,BERRIA - ERTZAINTZAN VEREDAZ BIDALTZEN DUT,,,0.0,False,False,False,False
481,208,3280946.0,1832831,BELATZ,208,1832831,45-BELATZ,2019-05-03,,VEREDAZ BIDALTZEN DIOT,,,0.0,False,False,False,False
587,210,3032852620.0,1832671,HAGINA-M,210,0,ARRETA,2021-05-15,2021-06-01,PROGRAMATZERA,0.0,,0.0,False,False,False,False
600,210,3032852620.0,1832671,HAGINA-M,210,0,BULEGOA,2021-06-01,,,0.0,,0.0,False,False,False,False
588,211,3032852630.0,1832551,ERRESERBA-M1,211,0,ARRETA,2021-05-15,2021-06-11,BERRIA PROGRAMATZEKO.,0.0,,0.0,False,False,False,False
754,211,3032852630.0,1832551,ERRESERBA-M1,211,0,BULEGOAN,2021-06-11,2025-05-12,,0.0,,0.0,False,False,False,False
755,211,3032852630.0,1832551,ERRESERBA-M1,211,0,BULEGOKO 2. IBILGAILUA,2025-05-12,,5781GZZ  SUTEETARAKO IBILGAILUAN,0.0,,0.0,False,False,False,False
770,212,,1832901,TANGO 1,212,0,BULEGOA,2025-07-17,,,0.0,,0.0,False,False,False,False
771,213,,1832902,TANGO 2,213,0,BULEGOA,2025-07-17,,,0.0,,0.0,False,False,False,False
772,214,,1832903,ST-1 (Sierra Tango 1),214,0,BULEGOA,2025-07-17,,,0.0,,0.0,False,False,False,False
773,215,,1832904,ST-2 (Sierra Tango 2),215,0,BULEGOA,2025-07-17,,,0.0,,0.0,False,False,False,False
815,216,,1832900,TANGO 0,216,0,BULEGOA,2025-12-19,,,0.0,,0.0,False,False,False,False
817,217,1832233.0,0,ERRESERBA,217,0,PAGOA,2025-10-31,2026-01-09,ORDEZKOA UTZI ZAIO BEREA KONPONDU ARTE _ BUELTATU DU.,0.0,,0.0,False,False,False,False
